conversationId,brandId,startTimeL,startTime,startTimeUTC,startTimeLOCAL,startTimeDate,startTimeYear,startTimeMonth,startTimeMonthStr,startTimeDay,startTimeWeekday,startTimeWeekdayStr,startTimeTimestamp,startTimeHour,startTimeMinute,startTimeWeekSun,startTimeWeekMon,endTimeL,endTime,endTimeUTC,endTimeLOCAL,endTimeDate,endTimeYear,endTimeMonth,endTimeMonthStr,endTimeDay,endTimeWeekday,endTimeWeekdayStr,endTimeTimestamp,endTimeHour,endTimeMinute,endTimeWeekSun,endTimeWeekMon,duration,summaryText,summaryTimeUTC,closeReason,closeReasonDescription,device,source,browser,operatingSystem,status,firstConversation,interactive,isPartial,latestAgentGroupId,latestQueueState,latestSkillId,userType,agentParticipantsCount,agentParticipantsTimeUTC,agentParticipantsTimeL,agentParticipantsDeleted,agentParticipantsUserType,agentParticipantsUserTypeName,consumerParticipantsCount,consumerParticipantsTimeUTC,consumerParticipantsTimeL,transfersCount,transfersTimeUTC,transfersTimeL,interactionsAgentCount,interactionsAgentTimeUTC,interactionsAgentTimeL,messageCount,messageTime,responseTime,responseTimeAssignment,responseCount,messageCountAgent,messageCountAgentHuman,messageCountAgentSystem,messageCountAgentBot,messageCountConsumer,messageTimeAgent,messageTimeAgentHuman,messageTimeAgentSystem,messageTimeAgentBot,messageTimeConsumer,averageMessageTime,averageMessageTimeAgent,averageMessageTimeAgentHuman,averageMessageTimeAgentSystem,averageMessageTimeAgentBot,averageMessageTimeConsumer,responseCountAgent,responseCountAgentHuman,responseCountAgentSystem,responseCountAgentBot,responseCountConsumer,responseTimeAgent,responseTimeAgentHuman,responseTimeAgentSystem,responseTimeAgentBot,responseTimeAssignmentAgent,responseTimeAssignmentAgentHuman,responseTimeAssignmentAgentSystem,responseTimeAssignmentAgentBot,responseTimeConsumer,responseTimeAssignmentConsumer,averageResponseTime,averageResponseTimeAssignment,averageResponseTimeAgent,averageResponseTimeAgentHuman,averageResponseTimeAgentSystem,averageResponseTimeAgentBot,averageResponseTimeAssignmentAgent,averageResponseTimeAssignmentAgentHuman,averageResponseTimeAssignmentAgentSystem,averageResponseTimeAssignmentAgentBot,averageResponseTimeConsumer,averageResponseTimeAssignmentConsumer,firstRespondent,firstResponseTimeAgentFromConsumer,firstResponseTimeAgentHumanFromConsumer,firstResponseTimeAgentSystemFromConsumer,firstResponseTimeAgentBotFromConsumer,firstResponseTimeConsumerFromAgent,firstResponseTimeAgentFromAssignment,firstResponseTimeAgentHumanFromAssignment,firstResponseTimeAgentSystemFromAssignment,firstResponseTimeAgentBotFromAssignment,firstResponseTimeAgentFromAssignmentCount,firstResponseTimeAgentHumanFromAssignmentCount,firstResponseTimeAgentSystemFromAssignmentCount,firstResponseTimeAgentBotFromAssignmentCount,averageFirstResponseTimeAgentFromAssignment,averageFirstResponseTimeAgentHumanFromAssignment,averageFirstResponseTimeAgentSystemFromAssignment,averageFirstResponseTimeAgentBotFromAssignment,firstResponseTimeAgentFromFirstAssignment,firstResponseTimeAgentHumanFromFirstAssignment,firstResponseTimeAgentSystemFromFirstAssignment,firstResponseTimeAgentBotFromFirstAssignment,firstAssignmentTimeAgentFromStart,firstAssignmentTimeAgentHumanFromStart,firstAssignmentTimeAgentSystemFromStart,firstAssignmentTimeAgentBotFromStart,words,wordsAgent,wordsAgentHuman,wordsAgentSystem,wordsAgentBot,wordsConsumer,questions,questionsAgent,questionsAgentHuman,questionsAgentSystem,questionsAgentBot,questionsConsumer,transcriptAll,transcriptAgent,transcriptConsumer,classification ,classification 2,despair,loneliness,emotional overflow,self blame,anxiety,distrust / confusion,new assault / new exposure,level of suicide/ level of risk,obligation to report occording law,support for support circuls,additional notes,transcriptConsumerEnglish,tokens_english,tagged_tokens_english,filtered_tokens_english
f1d2e50d-5ff9-4f34-9cfa-219e61d5a473,30158593,1690000000000.0,7/31/2023 20:28,7/31/2023 20:28,7/31/2023 23:28,31-Jul-23,2023,7,July,31,1,Mon,23:28:50,23,28,Sun 30th Jul,Mon 31st Jul,1690000000000.0,7/31/2023 21:24,7/31/2023 21:24,8/1/2023 0:24,1-Aug-23,2023,8,August,1,2,Tue,0:24:54,0,24,Sun 30th Jul,Mon 31st Jul,56.06,,,AGENT,MANUAL_CLOSE,,WhatsApp Business,,,CLOSE,True,True,False,5125908950,ACTIVE,5100845850,,2,2023-07-31 20:28:50;2023-07-31 20:28:52,1690835330737;1690835332174,false;false,0;2,System;Bot,1,7/31/2023 20:28,1690000000000.0,0,,,1,7/31/2023 20:28,1.69E+12,8,55.99,56.0,55.98,2,6,0,0,6,2,0.09,0.0,0,0.09,55.9,55.99,0.02,0.0,0,0.02,27.95,1,0,0,1,1,0.04,0.0,0.0,0.04,0.02,0.0,0.0,0.02,55.96,55.96,56.0,55.98,0.04,0.0,0.0,0.04,0.02,0.0,0.0,0.02,55.96,55.96,Agent,0.04,,,0.04,55.96,0.02,,,0.02,1,,,1,0.02,,,0.02,0.02,,,0.02,0,,0,0.03,81,79,0,0,79,2,0,0,0,0,0,0,"23:28:50-consumer: שלום
23:28:53-agent: שלום, הגעת לווטסאפ של מרכזי הסיוע לנפגעות ונפגעי תקיפה מינית
23:28:53-agent: הצ'אט שלנו בווטסאפ *לא פעיל* כעת ואין ביכולתנו לראות או לקבל את הודעתך
23:28:53-agent: שעות המענה בווטסאפ:
בימים א'-ה' ושבת בין השעות 17:00-23:00
23:28:54-agent: אם הנך זקוק/ה כרגע לסיוע, ניתן לפנות ל:
✳️ קו סיוע טלפוני זמין 24/7:
 1202 מענה ע""י אישה, 
 1203 מענה ע""י גבר
 2511* תהל- סיוע לנשים וילדים דתיים  
 ✳️ צ'אט אנונימי באתר 1202kolmila.org.il בימים א'-ה' ובשבת, בין השעות 17:00-24:00
23:28:55-agent: מוזמנות ומוזמנים לפנות אלינו בשעות הפעילות
23:28:56-agent: 
00:24:50-consumer: לא","'שלום, הגעת לווטסאפ של מרכזי הסיוע לנפגעות ונפגעי תקיפה מינית'
'הצ'אט שלנו בווטסאפ *לא פעיל* כעת ואין ביכולתנו לראות או לקבל את הודעתך'
'שעות המענה בווטסאפ:
בימים א'-ה' ושבת בין השעות 17:00-23:00'
'אם הנך זקוק/ה כרגע לסיוע, ניתן לפנות ל:
✳️ קו סיוע טלפוני זמין 24/7:
 1202 מענה ע""י אישה, 
 1203 מענה ע""י גבר
 2511* תהל- סיוע לנשים וילדים דתיים  
 ✳️ צ'אט אנונימי באתר 1202kolmila.org.il בימים א'-ה' ובשבת, בין השעות 17:00-24:00'
'מוזמנות ומוזמנים לפנות אלינו בשעות הפעילות'
''","'שלום'
'לא'",0,,0,0,0,0,0,0,0,0,0,0,,"Hello 
 No","['hello', 'no']","[('hello', 'NN')]",['hello']
dfecef5f-7ed5-42f8-80e6-e7186c75dcc5,30158593,1690000000000.0,7/31/2023 19:57,7/31/2023 19:57,7/31/2023 22:57,31-Jul-23,2023,7,July,31,1,Mon,22:57:16,22,57,Sun 30th Jul,Mon 31st Jul,1690000000000.0,7/31/2023 20:00,7/31/2023 20:00,7/31/2023 23:00,31-Jul-23,2023,7,July,31,1,Mon,23:00:15,23,0,Sun 30th Jul,Mon 31st Jul,2.98,,,AGENT,MANUAL_CLOSE,,WhatsApp Business,,,CLOSE,False,True,False,1700895950,ACTIVE,1700896750,,3,2023-07-31 19:57:16;2023-07-31 19:57:17;2023-07-31 19:58:41,1690833436567;1690833437320;1690833521131,false;false;false,0;2;1,System;Bot;Human,1,8/7/2023 21:10,1690000000000.0,1,7/31/2023 19:57,1690000000000.0,2,2023-07-31 19:57:17;2023-07-31 19:58:41,1690833437318;1690833521129,7,2.87,2.91,1.49,5,4,2,0,2,3,2.02,1.99,0,0.03,0.85,2.87,0.51,1.0,0,0.02,0.28,3,2,0,1,2,2.06,2.03,0.0,0.03,0.64,0.62,0.0,0.02,0.85,0.85,2.91,1.49,0.69,1.01,0.0,0.03,0.21,0.31,0.0,0.02,0.43,0.43,Agent,0.03,1.99,,0.03,0.65,0.6,0.58,,0.02,2,1.0,,1,0.3,0.58,,0.02,0.02,0.58,,0.02,0,1.41,0,0.01,30,27,13,0,14,3,0,0,0,0,0,0,"22:57:16-consumer: כן
22:57:18-agent: שלום, הגעת לווטסאפ של מרכזי הסיוע לנפגעות ונפגעי תקיפה מינית
22:57:18-agent: סייעת תשוחח איתך בקרוב
22:59:15-agent: ערב טוב!
22:59:54-consumer: היי
22:59:57-agent: המשמרת שלי מסתיימת . קו הווטסאפ יהייה זמין מחר מהשעה 17.00.
23:00:09-consumer: בסדר","'שלום, הגעת לווטסאפ של מרכזי הסיוע לנפגעות ונפגעי תקיפה מינית'
'סייעת תשוחח איתך בקרוב'
'ערב טוב!'
'המשמרת שלי מסתיימת . קו הווטסאפ יהייה זמין מחר מהשעה 17.00.'","'כן'
'היי'
'בסדר'",0,,0,0,0,0,0,0,0,0,0,0,,"Yes 
 Hey 
 OK","['yes', 'hey', 'ok']","[('ye', 'NN'), ('hey', 'NN'), ('ok', 'VBP')]","['ye', 'hey', 'ok']"
c8587082-c7a6-4cb6-a1a3-66dbb52df77d,30158593,1690000000000.0,7/31/2023 18:56,7/31/2023 18:56,7/31/2023 21:56,31-Jul-23,2023,7,July,31,1,Mon,21:56:29,21,56,Sun 30th Jul,Mon 31st Jul,1690000000000.0,7/31/2023 19:58,7/31/2023 19:58,7/31/2023 22:58,31-Jul-23,2023,7,July,31,1,Mon,22:58:24,22,58,Sun 30th Jul,Mon 31st Jul,61.92,,,AGENT,MANUAL_CLOSE,,WhatsApp Business,,,CLOSE,True,True,False,1700895950,ACTIVE,1700896750,,3,2023-07-31 18:56:29;2023-07-31 18:56:31;2023-07-31 18:56:40,1690829789838;1690829791400;1690829800628,false;false;false,0;2;1,System;Bot;Human,1,7/31/2023 18:56,1690000000000.0,1,7/31/2023 18:56,1690000000000.0,2,2023-07-31 18:56:31;2023-07-31 18:56:40,1690829791397;1690829800626,83,51.22,51.25,51.04,57,30,28,0,2,53,17.69,17.64,0,0.05,33.53,51.22,0.59,0.63,0,0.03,0.63,29,28,0,1,28,25.38,25.33,0.0,0.05,25.17,25.15,0.0,0.02,25.87,25.87,51.25,51.04,0.88,0.9,0.0,0.05,0.87,0.9,0.0,0.02,0.92,0.92,Agent,0.05,0.58,,0.05,0.45,0.42,0.4,,0.02,2,1.0,,1,0.21,0.4,,0.02,0.02,0.4,,0.02,0,0.18,0,0.03,590,224,210,0,14,366,17,12,12,0,0,5,"21:56:29-consumer: הי
21:56:32-agent: שלום, הגעת לווטסאפ של מרכזי הסיוע לנפגעות ונפגעי תקיפה מינית
21:56:32-agent: סייעת תשוחח איתך בקרוב
21:57:04-agent: ערב טוב, אני כאן בשבילך.
21:57:31-consumer: איך זה אמור לעבוד? אני יכולה פשוט לכתוב?
21:57:47-agent: כן. אני כאן.
21:59:44-consumer: לפעמים אני מרגישה שזה פשוט דופק אותי כל אחד הוא אם כוונות מיניות אכפת לאנשים רק מהגוף שלי זה נורמלי לחשוב ככה? זה נורמלי לחסום כל גבר או לא לדבר אם אף אחד כי בסוף כולם יפגעו בך זה נורמלי,  מה אפשר לעשות עם זה 
אין לי כוח לזה אני מרגישה שאני לא בסדר שהכל דפוק איתי אני מנסה לנסות את החשיבה שלי על המציאות אבל אני לא מצליחה כל משהו הכי קטן שאני רואה אני רואה את זה כאילו הכל חוזר להתחלה כולם יעשו את אותו הדבר יש דרך להתמודד עם זה?
22:00:40-agent: אני שומעת ממך שאת מתמודדת עם משהו מאוד קשה בשבילך.
22:01:18-consumer: כן
22:01:47-consumer: זה אפשר בכלל לשנות את התפיסה שלי? זה משהו שהגיוני בכלל
22:03:31-agent: אני מבינה שאת נמצאת באיזה מבוך ולא יודעת איך לצאת ממנו.
22:04:29-consumer: איך אפשר לצאת ממנו
22:05:55-agent: אני יכולה לעזור לך לחשוב איך לצאת ממנו.
22:06:35-consumer: אני לא מצליחה לחשוב בכלל
22:07:02-agent: רוצה להסביר יותר?
22:10:35-consumer: כל פעם שאני מנסה לחשוב בהיגיון או לא להגיד לא כולם ככה אני לא יכולה
22:10:57-consumer: אולי יש טיפה של טוב בעולם הזה
22:11:17-agent: אני חושבת שכל אחד יכול לשנות אבל זאת עבודה קשה לעיתים.
22:11:24-consumer: זה בא ואומר לי לא ומשחזר לי את הכל
22:11:49-agent: יש הרבה אור בעולם צריך רק למצוא אותו.
22:12:16-consumer: איפה יש אור
22:12:32-consumer: ואם יש אז מכבים אותו
22:13:05-agent: רוצה לשתף באור שכיבו לך?
22:14:02-consumer: התקווה לחיים לחשוב שיש כזה דבר טוב שלאנשים באמת אכפת ממני ולא מהגוף שלי
22:14:13-consumer: שהרוח עולה על התאווה
22:15:01-consumer: להיות עצמי זה באמת משנה, בכלל מסתכלים על זה, או שחושבים על איך להרוס את החיים שלי להרוס את העתיד שלי
22:15:26-consumer: התאווה שלהם יותר חשובה מהכל יותר אפילו מהחיים עצמם
22:15:35-agent: אני שומעת ממך שאת רוצה מישהו/י שיהיה חשוב לו מי את.
22:16:49-consumer: קודם שלי היה אכפת מעצמי בכלל
22:17:14-consumer: אני פשוט מפגרת אני מביאה דברים על עצמי
22:17:36-consumer: אם לי לא אכפת אם אני לא שומעת לעצמי למה שאחרים כן
22:17:45-consumer: אם בכלל אכפת
22:18:57-agent: כאשר את אומרת שלא אכפת לך מעצמך איך זה מתבטא?
22:20:05-consumer: שאני לא שומעת להגיון
22:20:31-consumer: אני לא חושבת בכלל אני לא עושה כלום אני מרגישה שאני פשוט שוקעת בדיכאון של עצמי
22:21:17-agent: נשמע קשה לשקוע בדכאון של עצמך.
22:24:54-consumer: מצחיק
22:25:19-agent: מה מצחיק?
22:25:49-consumer: הכל
22:26:06-consumer: אני מרגישה פסיכופטית
22:26:29-agent: זאת הרגשה לא פשוטה להרגיש פסיכופטית.
22:27:20-consumer: אולי זה מה שאני
22:28:14-agent: זה מה שאת לפי דעתך?
22:28:44-consumer: כן
22:29:07-agent: מה בך הוא פסיכופטי?
22:31:01-consumer: הכל
22:31:20-consumer: אני מרגישה שהראש שלי לא בסדר
22:31:42-consumer: ההתנהגות שלי לפעמים אני צועקת או מדברת יותר מדי
22:32:19-consumer: אני מתעצבנת ואז אני יכולה לפעמים לשבור משהו אם אני ממש עצבנית
22:32:27-consumer: פסיכופטית
22:32:52-agent: אני שומעת ממך שאת מתנהגת כמו מישהי שקשה לה ועוברת זמן לא קל ולא פשוט.
22:33:25-consumer: כל הזמן קשה לי
22:33:42-consumer: איך זה הגיוני בכלל
22:33:48-agent: ממש לא פשוט להרגיש שכן הזמן קשה.
22:34:32-consumer: איך אפשר לצאת מזה
22:34:42-consumer: מדיכאון
22:35:15-agent: מה עוזר לך מהנסיון שלך להיות אחרת?
22:35:53-consumer: להדחיק
22:36:18-agent: כאשר את מדחיקה את באמת מרגישה אחרת?
22:36:52-consumer: לזמן שאני מדחיקה
22:37:10-agent: כמה זמן זה מחזיק?
22:37:59-consumer: זה לא
22:38:12-consumer: אני מרגישה שאני לא יכולה כבר
22:38:35-agent: את מרגישה שאת לא יכולה כבר מה?
22:38:37-consumer: כמעט כל הזמן או לפחות כל ים אני בהתקף חרדה
22:38:54-consumer: בא לי פשוט לצעוק
22:39:02-consumer: לשחרר אבל אני מצליחה
22:39:14-agent: להיות בהתקף חרדה זה לא קל. לצעוק זה משחרר.
22:39:44-consumer: אני רגילה לזה
22:39:52-consumer: אני לא מצליחה לצעוק
22:40:34-agent: אני שומעת ממך שאת רגילה להרגיש חרדה.
22:41:10-consumer: כן
22:42:12-agent: כשאת מרגישה כך, מה את חווה?
22:42:49-consumer: אני רועדת
22:43:14-consumer: ויש לי טיקים
22:44:09-agent: נשמע ממש לא נעים.
22:45:03-consumer: מתרגלים
22:45:18-consumer: תודה לך עזרת לי אבל לשלרר
22:45:29-agent: ?
22:45:34-consumer: לשחרר*
22:45:43-consumer: יותר
22:47:15-agent: אני מאוד מקווה שעזרתי לך ואת מוזמנת לפנות אלינו מתי שאת מרגישה. בנוסף קיים קו טלפוני 1202 שבו יש מענה אנושי 24 שעות 7 ימים בשבוע. לילה טוב!
22:47:40-consumer: תודה רבה","'שלום, הגעת לווטסאפ של מרכזי הסיוע לנפגעות ונפגעי תקיפה מינית'
'סייעת תשוחח איתך בקרוב'
'ערב טוב, אני כאן בשבילך.'
'כן. אני כאן.'
'אני שומעת ממך שאת מתמודדת עם משהו מאוד קשה בשבילך.'
'אני מבינה שאת נמצאת באיזה מבוך ולא יודעת איך לצאת ממנו.'
'אני יכולה לעזור לך לחשוב איך לצאת ממנו.'
'רוצה להסביר יותר?'
'אני חושבת שכל אחד יכול לשנות אבל זאת עבודה קשה לעיתים.'
'יש הרבה אור בעולם צריך רק למצוא אותו.'
'רוצה לשתף באור שכיבו לך?'
'אני שומעת ממך שאת רוצה מישהו/י שיהיה חשוב לו מי את.'
'כאשר את אומרת שלא אכפת לך מעצמך איך זה מתבטא?'
'נשמע קשה לשקוע בדכאון של עצמך.'
'מה מצחיק?'
'זאת הרגשה לא פשוטה להרגיש פסיכופטית.'
'זה מה שאת לפי דעתך?'
'מה בך הוא פסיכופטי?'
'אני שומעת ממך שאת מתנהגת כמו מישהי שקשה לה ועוברת זמן לא קל ולא פשוט.'
'ממש לא פשוט להרגיש שכן הזמן קשה.'
'מה עוזר לך מהנסיון שלך להיות אחרת?'
'כאשר את מדחיקה את באמת מרגישה אחרת?'
'כמה זמן זה מחזיק?'
'את מרגישה שאת לא יכולה כבר מה?'
'להיות בהתקף חרדה זה לא קל. לצעוק זה משחרר.'
'אני שומעת ממך שאת רגילה להרגיש חרדה.'
'כשאת מרגישה כך, מה את חווה?'
'נשמע ממש לא נעים.'
'?'
'אני מאוד מקווה שעזרתי לך ואת מוזמנת לפנות אלינו מתי שאת מרגישה. בנוסף קיים קו טלפוני 1202 שבו יש מענה אנושי 24 שעות 7 ימים בשבוע. לילה טוב!'","'הי'
'איך זה אמור לעבוד? אני יכולה פשוט לכתוב?'
'לפעמים אני מרגישה שזה פשוט דופק אותי כל אחד הוא אם כוונות מיניות אכפת לאנשים רק מהגוף שלי זה נורמלי לחשוב ככה? זה נורמלי לחסום כל גבר או לא לדבר אם אף אחד כי בסוף כולם יפגעו בך זה נורמלי,  מה אפשר לעשות עם זה 
אין לי כוח לזה אני מרגישה שאני לא בסדר שהכל דפוק איתי אני מנסה לנסות את החשיבה שלי על המציאות אבל אני לא מצליחה כל משהו הכי קטן שאני רואה אני רואה את זה כאילו הכל חוזר להתחלה כולם יעשו את אותו הדבר יש דרך להתמודד עם זה?'
'כן'
'זה אפשר בכלל לשנות את התפיסה שלי? זה משהו שהגיוני בכלל'
'איך אפשר לצאת ממנו'
'אני לא מצליחה לחשוב בכלל'
'כל פעם שאני מנסה לחשוב בהיגיון או לא להגיד לא כולם ככה אני לא יכולה'
'אולי יש טיפה של טוב בעולם הזה'
'זה בא ואומר לי לא ומשחזר לי את הכל'
'איפה יש אור'
'ואם יש אז מכבים אותו'
'התקווה לחיים לחשוב שיש כזה דבר טוב שלאנשים באמת אכפת ממני ולא מהגוף שלי'
'שהרוח עולה על התאווה'
'להיות עצמי זה באמת משנה, בכלל מסתכלים על זה, או שחושבים על איך להרוס את החיים שלי להרוס את העתיד שלי'
'התאווה שלהם יותר חשובה מהכל יותר אפילו מהחיים עצמם'
'קודם שלי היה אכפת מעצמי בכלל'
'אני פשוט מפגרת אני מביאה דברים על עצמי'
'אם לי לא אכפת אם אני לא שומעת לעצמי למה שאחרים כן'
'אם בכלל אכפת'
'שאני לא שומעת להגיון'
'אני לא חושבת בכלל אני לא עושה כלום אני מרגישה שאני פשוט שוקעת בדיכאון של עצמי'
'מצחיק'
'הכל'
'אני מרגישה פסיכופטית'
'אולי זה מה שאני'
'כן'
'הכל'
'אני מרגישה שהראש שלי לא בסדר'
'ההתנהגות שלי לפעמים אני צועקת או מדברת יותר מדי'
'אני מתעצבנת ואז אני יכולה לפעמים לשבור משהו אם אני ממש עצבנית'
'פסיכופטית'
'כל הזמן קשה לי'
'איך זה הגיוני בכלל'
'איך אפשר לצאת מזה'
'מדיכאון'
'להדחיק'
'לזמן שאני מדחיקה'
'זה לא'
'אני מרגישה שאני לא יכולה כבר'
'כמעט כל הזמן או לפחות כל ים אני בהתקף חרדה'
'בא לי פשוט לצעוק'
'לשחרר אבל אני מצליחה'
'אני רגילה לזה'
'אני לא מצליחה לצעוק'
'כן'
'אני רועדת'
'ויש לי טיקים'
'מתרגלים'
'תודה לך עזרת לי אבל לשלרר'
'לשחרר*'
'יותר'
'תודה רבה'",1,,0,0,0,1,0,1,0,0,0,0,,"Hi
How is it supposed to workCan I just write 
Sometimes I feel it just knocks me out if sexual intentions care about people only from my body is it normal to think that wayIt is normal to block any man or not to talk if no one is in the end everyone will hurt you is normal what can be done with it
I have no power for that I feel like Im wrong that everything is screwed with me I try to try my thinking about reality but I cant do anything the smallest I see I see it like everything comes back to the beginning everyone will do the same way to deal with it 
Yes
Is it possible to change my perception at allIts something that makes sense at all 
How can you get out of it
I cant think at all
Every time Im trying to think logic or dont say no everyone like that I cant
There may be a drop of good in this world
It comes and tells me no and restores everything to me
Where is there light
And if there are then extinguish it
Hope for life to think there is such a good thing that people really care about and not my body
That the spirit overpowers lust
Be myself really matter even look at it or think about how to ruin my life to destroy my future
Their lust is more important than even more than life itself
My first would care about myself at all
I just retard i bring things about myself
If I dont care if I dont hear myself what others do
If you care at all
I dont hear logic
I dont think at all I dont do anything I feel like Im just sinking into my selfs depression
is funny
Everything
I feel psychopathic
Maybe thats what I am
Yes
Everything
I feel my head is wrong
My behavior sometimes I scream or speak too much
I am annoyed and then I can sometimes break something if Im really nervous
Psychopathic
All the time is hard for me
How does it make sense at all
How can you get out of it
From depression
repress
For a time I repress
It is not
I feel I cant already
Almost all the time or at least every sea I am in an anxiety attack
I just came to shout
Releasing but I succeed
Im used to it
I cant shout
Yes
Im shaking
I have tics
Practitioners
Thank you for helping me but shaking
release
More
Thank you","['hi', 'how', 'is', 'it', 'supposed', 'to', 'workcan', 'i', 'just', 'write', 'sometimes', 'i', 'feel', 'it', 'just', 'knocks', 'me', 'out', 'if', 'sexual', 'intentions', 'care', 'about', 'people', 'only', 'from', 'my', 'body', 'is', 'it', 'normal', 'to', 'think', 'that', 'wayit', 'is', 'normal', 'to', 'block', 'any', 'man', 'or', 'not', 'to', 'talk', 'if', 'no', 'one', 'is', 'in', 'the', 'end', 'everyone', 'will', 'hurt', 'you', 'is', 'normal', 'what', 'can', 'be', 'done', 'with', 'it', 'i', 'have', 'no', 'power', 'for', 'that', 'i', 'feel', 'like', 'im', 'wrong', 'that', 'everything', 'is', 'screwed', 'with', 'me', 'i', 'try', 'to', 'try', 'my', 'thinking', 'about', 'reality', 'but', 'i', 'cant', 'do', 'anything', 'the', 'smallest', 'i', 'see', 'i', 'see', 'it', 'like', 'everything', 'comes', 'back', 'to', 'the', 'beginning', 'everyone', 'will', 'do', 'the', 'same', 'way', 'to', 'deal', 'with', 'it', 'yes', 'is', 'it', 'possible', 'to', 'change', 'my', 'perception', 'at', 'allits', 'something', 'that', 'makes', 'sense', 'at', 'all', 'how', 'can', 'you', 'get', 'out', 'of', 'it', 'i', 'cant', 'think', 'at', 'all', 'every', 'time', 'im', 'trying', 'to', 'think', 'logic', 'or', 'dont', 'say', 'no', 'everyone', 'like', 'that', 'i', 'cant', 'there', 'may', 'be', 'a', 'drop', 'of', 'good', 'in', 'this', 'world', 'it', 'comes', 'and', 'tells', 'me', 'no', 'and', 'restores', 'everything', 'to', 'me', 'where', 'is', 'there', 'light', 'and', 'if', 'there', 'are', 'then', 'extinguish', 'it', 'hope', 'for', 'life', 'to', 'think', 'there', 'is', 'such', 'a', 'good', 'thing', 'that', 'people', 'really', 'care', 'about', 'and', 'not', 'my', 'body', 'that', 'the', 'spirit', 'overpowers', 'lust', 'be', 'myself', 'really', 'matter', 'even', 'look', 'at', 'it', 'or', 'think', 'about', 'how', 'to', 'ruin', 'my', 'life', 'to', 'destroy', 'my', 'future', 'their', 'lust', 'is', 'more', 'important', 'than', 'even', 'more', 'than', 'life', 'itself', 'my', 'first', 'would', 'care', 'about', 'myself', 'at', 'all', 'i', 'just', 'retard', 'i', 'bring', 'things', 'about', 'myself', 'if', 'i', 'dont', 'care', 'if', 'i', 'dont', 'hear', 'myself', 'what', 'others', 'do', 'if', 'you', 'care', 'at', 'all', 'i', 'dont', 'hear', 'logic', 'i', 'dont', 'think', 'at', 'all', 'i', 'dont', 'do', 'anything', 'i', 'feel', 'like', 'im', 'just', 'sinking', 'into', 'my', 'selfs', 'depression', 'is', 'funny', 'everything', 'i', 'feel', 'psychopathic', 'maybe', 'thats', 'what', 'i', 'am', 'yes', 'everything', 'i', 'feel', 'my', 'head', 'is', 'wrong', 'my', 'behavior', 'sometimes', 'i', 'scream', 'or', 'speak', 'too', 'much', 'i', 'am', 'annoyed', 'and', 'then', 'i', 'can', 'sometimes', 'break', 'something', 'if', 'im', 'really', 'nervous', 'psychopathic', 'all', 'the', 'time', 'is', 'hard', 'for', 'me', 'how', 'does', 'it', 'make', 'sense', 'at', 'all', 'how', 'can', 'you', 'get', 'out', 'of', 'it', 'from', 'depression', 'repress', 'for', 'a', 'time', 'i', 'repress', 'it', 'is', 'not', 'i', 'feel', 'i', 'cant', 'already', 'almost', 'all', 'the', 'time', 'or', 'at', 'least', 'every', 'sea', 'i', 'am', 'in', 'an', 'anxiety', 'attack', 'i', 'just', 'came', 'to', 'shout', 'releasing', 'but', 'i', 'succeed', 'im', 'used', 'to', 'it', 'i', 'cant', 'shout', 'yes', 'im', 'shaking', 'i', 'have', 'tics', 'practitioners', 'thank', 'you', 'for', 'helping', 'me', 'but', 'shaking', 'release', 'more', 'thank', 'you']","[('hi', 'NN'), ('suppos', 'NN'), ('workcan', 'JJ'), ('write', 'NN'), ('sometim', 'NN'), ('feel', 'NN'), ('knock', 'FW'), ('sexual', 'JJ'), ('intent', 'NN'), ('care', 'NN'), ('peopl', 'NN'), ('onli', 'RB'), ('bodi', 'VBD'), ('normal', 'JJ'), ('think', 'VBP'), ('wayit', 'JJ'), ('normal', 'JJ'), ('block', 'NN'), ('ani', 'NN'), ('man', 'NN'), ('talk', 'VB'), ('one', 'CD'), ('end', 'NN'), ('everyon', 'NN'), ('hurt', 'VBN'), ('normal', 'JJ'), ('done', 'VBN'), ('power', 'NN'), ('feel', 'NN'), ('like', 'IN'), ('im', 'NN'), ('wrong', 'JJ'), ('everyth', 'NN'), ('screw', 'VBD'), ('tri', 'JJ'), ('tri', 'NN'), ('think', 'VBP'), ('realiti', 'NN'), ('cant', 'NN'), ('anyth', 'NN'), ('smallest', 'JJS'), ('see', 'VBP'), ('see', 'VBP'), ('like', 'IN'), ('everyth', 'FW'), ('come', 'VB'), ('back', 'RB'), ('begin', 'JJ'), ('everyon', 'JJ'), ('way', 'NN'), ('deal', 'NN'), ('ye', 'NN'), ('possibl', 'NN'), ('chang', 'NN'), ('percept', 'IN'), ('allit', 'JJ'), ('someth', 'NNS'), ('make', 'VBP'), ('sens', 'NNS'), ('get', 'VBP'), ('cant', 'JJ'), ('think', 'VB'), ('everi', 'JJ'), ('time', 'NN'), ('im', 'JJ'), ('tri', 'NN'), ('think', 'VBP'), ('logic', 'JJ'), ('dont', 'NNS'), ('say', 'VBP'), ('everyon', 'NNS'), ('like', 'IN'), ('cant', 'NN'), ('may', 'MD'), ('drop', 'VB'), ('good', 'JJ'), ('thi', 'NN'), ('world', 'NN'), ('come', 'VBP'), ('tell', 'NN'), ('restor', 'NN'), ('everyth', 'NN'), ('light', 'JJ'), ('extinguish', 'JJ'), ('hope', 'VBP'), ('life', 'NN'), ('think', 'VBP'), ('good', 'JJ'), ('thing', 'NN'), ('peopl', 'NN'), ('realli', 'NN'), ('care', 'NN'), ('bodi', 'NN'), ('spirit', 'NN'), ('overpow', 'NN'), ('lust', 'NN'), ('realli', 'VBP'), ('matter', 'NN'), ('even', 'RB'), ('look', 'RBR'), ('think', 'VBP'), ('ruin', 'JJ'), ('life', 'NN'), ('destroy', 'NN'), ('futur', 'NN'), ('lust', 'VBP'), ('import', 'NN'), ('even', 'RB'), ('life', 'NN'), ('first', 'RB'), ('would', 'MD'), ('care', 'VB'), ('retard', 'RB'), ('bring', 'VBG'), ('thing', 'NN'), ('dont', 'NN'), ('care', 'NN'), ('dont', 'NN'), ('hear', 'NN'), ('care', 'NN'), ('dont', 'JJ'), ('hear', 'JJ'), ('logic', 'JJ'), ('dont', 'NN'), ('think', 'VBP'), ('dont', 'JJ'), ('anyth', 'VBP'), ('feel', 'VBP'), ('like', 'IN'), ('im', 'NN'), ('sink', 'VBP'), ('self', 'PRP'), ('depress', 'JJ'), ('funni', 'JJ'), ('everyth', 'NN'), ('feel', 'VB'), ('psychopath', 'IN'), ('mayb', 'NN'), ('ye', 'NN'), ('everyth', 'NN'), ('feel', 'VB'), ('head', 'NN'), ('wrong', 'JJ'), ('behavior', 'JJ'), ('sometim', 'NN'), ('scream', 'NN'), ('speak', 'NN'), ('much', 'JJ'), ('annoy', 'NN'), ('sometim', 'NN'), ('break', 'NN'), ('someth', 'JJ'), ('im', 'JJ'), ('realli', 'NN'), ('nervou', 'IN'), ('psychopath', 'NN'), ('time', 'NN'), ('hard', 'JJ'), ('doe', 'NNS'), ('make', 'VBP'), ('sens', 'NNS'), ('get', 'VB'), ('depress', 'JJ'), ('repress', 'NN'), ('time', 'NN'), ('repress', 'NN'), ('feel', 'NN'), ('cant', 'NN'), ('alreadi', 'IN'), ('almost', 'RB'), ('time', 'NN'), ('least', 'JJ'), ('everi', 'JJ'), ('sea', 'NN'), ('anxieti', 'JJ'), ('attack', 'NN'), ('came', 'VBD'), ('shout', 'RB'), ('releas', 'JJ'), ('succeed', 'VB'), ('im', 'JJ'), ('use', 'NN'), ('cant', 'NN'), ('shout', 'NN'), ('ye', 'NN'), ('im', 'JJ'), ('shake', 'NN'), ('tic', 'JJ'), ('practition', 'NN'), ('thank', 'NN'), ('help', 'NN'), ('shake', 'VB'), ('releas', 'NNS'), ('thank', 'VB')]","['hi', 'suppos', 'workcan', 'write', 'sometim', 'feel', 'knock', 'sexual', 'intent', 'care', 'peopl', 'onli', 'bodi', 'normal', 'think', 'wayit', 'normal', 'block', 'ani', 'man', 'talk', 'one', 'end', 'everyon', 'hurt', 'normal', 'done', 'power', 'feel', 'like', 'im', 'wrong', 'everyth', 'screw', 'tri', 'tri', 'think', 'realiti', 'cant', 'anyth', 'smallest', 'see', 'see', 'like', 'everyth', 'come', 'back', 'begin', 'everyon', 'way', 'deal', 'ye', 'possibl', 'chang', 'percept', 'allit', 'someth', 'make', 'sens', 'get', 'cant', 'think', 'everi', 'time', 'im', 'tri', 'think', 'logic', 'dont', 'say', 'everyon', 'like', 'cant', 'may', 'drop', 'good', 'thi', 'world', 'come', 'tell', 'restor', 'everyth', 'light', 'extinguish', 'hope', 'life', 'think', 'good', 'thing', 'peopl', 'realli', 'care', 'bodi', 'spirit', 'overpow', 'lust', 'realli', 'matter', 'even', 'look', 'think', 'ruin', 'life', 'destroy', 'futur', 'lust', 'import', 'even', 'life', 'first', 'would', 'care', 'retard', 'bring', 'thing', 'dont', 'care', 'dont', 'hear', 'care', 'dont', 'hear', 'logic', 'dont', 'think', 'dont', 'anyth', 'feel', 'like', 'im', 'sink', 'self', 'depress', 'funni', 'everyth', 'feel', 'psychopath', 'mayb', 'ye', 'everyth', 'feel', 'head', 'wrong', 'behavior', 'sometim', 'scream', 'speak', 'much', 'annoy', 'sometim', 'break', 'someth', 'im', 'realli', 'nervou', 'psychopath', 'time', 'hard', 'doe', 'make', 'sens', 'get', 'depress', 'repress', 'time', 'repress', 'feel', 'cant', 'alreadi', 'almost', 'time', 'least', 'everi', 'sea', 'anxieti', 'attack', 'came', 'shout', 'releas', 'succeed', 'im', 'use', 'cant', 'shout', 'ye', 'im', 'shake', 'tic', 'practition', 'thank', 'help', 'shake', 'releas', 'thank']"
da542b95-590c-48a5-847f-71a38fa39685,30158593,1690000000000.0,7/31/2023 17:40,7/31/2023 17:40,7/31/2023 20:40,31-Jul-23,2023,7,July,31,1,Mon,20:40:28,20,40,Sun 30th Jul,Mon 31st Jul,1690000000000.0,7/31/2023 19:58,7/31/2023 19:58,7/31/2023 22:58,31-Jul-23,2023,7,July,31,1,Mon,22:58:36,22,58,Sun 30th Jul,Mon 31st Jul,138.14,,,AGENT,MANUAL_CLOSE,,WhatsApp Business,,,CLOSE,False,True,False,1700895950,ACTIVE,1700896750,,3,2023-07-31 17:40:28;2023-07-31 17:40:29;2023-07-31 17:40:49,1690825228367;1690825229122;1690825249651,false;false;false,0;2;1,System;Bot;Human,1,7/31/2023 17:40,1690000000000.0,1,7/31/2023 17:40,1690000000000.0,2,2023-07-31 17:40:29;2023-07-31 17:40:49,1690825229120;1690825249648,105,74.61,74.65,74.28,80,42,40,0,2,63,28.97,28.94,0,0.03,45.64,74.61,0.69,0.72,0,0.02,0.72,41,40,0,1,39,36.83,36.8,0.0,0.03,36.46,36.44,0.0,0.02,37.82,37.82,74.65,74.28,0.9,0.92,0.0,0.03,0.89,0.91,0.0,0.02,0.97,0.97,Agent,0.03,1.55,,0.03,0.74,1.21,1.19,,0.02,2,1.0,,1,0.605,1.19,,0.02,0.02,1.19,,0.02,0,0.36,0,0.01,629,282,268,0,14,347,20,20,20,0,0,0,"20:40:28-consumer: היי
20:40:30-agent: שלום, הגעת לווטסאפ של מרכזי הסיוע לנפגעות ונפגעי תקיפה מינית
20:40:30-agent: סייעת תשוחח איתך בקרוב
20:42:01-agent: ערב טוב, אני כאן בשבילך.
20:42:45-consumer: לא טטב לי
20:42:47-consumer: טוב
20:42:54-consumer: קשה לי רע לי
20:42:58-consumer: חזרו לי הטיקים
20:44:15-agent: נשמע שמאוד רע לך.
20:44:45-consumer: כן
20:45:17-agent: רוצה לשתף?
20:45:37-consumer: הכל נסגר עלי
20:46:07-agent: רוצה לתאר מה נסגר עליך?
20:46:35-consumer: הכל אני רואה הכל שחור
20:47:14-agent: לא פשוט להרגיש כך.
20:47:51-consumer: כן
20:48:07-consumer: אני לא מצליחה לראות או לשאוף לטיפת אור
20:51:03-agent: נשמע שכרגע את במקום מאוד כואב וקשה.
20:52:56-consumer: כן
20:53:40-agent: את מכירה את המקום הקשה והכואב הזה?
20:54:37-consumer: כן הרבה זמן לא הייתי שם
20:54:56-consumer: וזה חזר לי כמו כדור שלג ענק
20:55:11-agent: רוצה יותר לפרט?
20:56:03-consumer: שהמצב הנפשי שלי גרוע ביותר
20:56:08-consumer: בתקופה האחרונה
20:56:55-agent: את יכולה לחשוב מה קרה בזמן האחרון שגרם למצב להיות יותר גרוע?
20:57:08-consumer: אתמול והיום זה ממש אבל ממש קיצוני
20:57:35-consumer: כן
20:57:41-consumer: יש כמה דברים
20:58:14-agent: אני מבינה שיש כמה דברים שגרמו למצבך להיות רע יותר.
20:58:31-consumer: אחד זה הפגיעה 
2 זה המשפחה שלי 
3 זה המצב הכלכלי
20:58:51-consumer: ו4 זה שאמרו לי שסגרו את התיק
20:59:24-agent: כל מה שכתבת למעלה וכל אחד מהם נשמע כבד מאוד.
21:00:20-consumer: כן
21:00:32-consumer: וכל זה אני לבד
21:00:45-consumer: כי אין לי אף אחד
21:01:04-agent: אין לך אף אחד שאת יכולה לסמוך עליו?
21:01:20-consumer: לא וגם לא יהיה
21:02:12-agent: כאשר את אומרת לא יהייה למה את מתכוונת?
21:06:25-consumer: שלא יהייה לי אף אחד שאני יוכלה לסמוך עליו
21:07:00-consumer: אף אחד לא מוכן גם לעזור לי
21:08:15-agent: אני חושבת שלהרגיש שאי אפשר לסמוך על אף אחד זה מאוד קשה.
21:08:45-consumer: לא אכפת לי כבר
21:09:01-consumer: כל החיים שלי הייתי לבד כל החיעם שלי אני ישאר לבד
21:09:44-consumer: נולדתי בסבל ימוות בסבל
21:10:20-agent: מאוד קשה לי לקרוא את מה שאת כותבת. נראה שאת מאוד סובלת.
21:10:43-consumer: כן
21:10:55-consumer: את לא רוצה לדעת לאיזה מצב הגעתי
21:11:24-agent: אני בשבילך פה .
21:12:05-consumer: את יודעת מה אני הכי רוצה 
אבל אני יודעת שזה לא אפשרי לא בתקופה הזאת ולא אלה
21:12:28-agent: רוצה לשתף במה את הכי רוצה?
21:13:14-consumer: חיבוק חזק חם ואוהב 
אבל זה לא עוזר לי זה יכול רק לישאר בזה שאני הכי רוצה והכי בא לי
21:15:29-agent: חיבוק זה דבר נפלא. אני שומעת ממך שאין מישהו/י שיחבק אותך.
21:16:24-consumer: לא היה לי את זה אף פעם וגם לא יהייה לי
21:17:08-agent: אני שולחת לך חיבוק מרחוק.
21:17:26-consumer: לא אל תגידי לי את זה
21:17:33-consumer: זה עושה לי עצבים בגוף
21:17:35-consumer: סליחה
21:17:46-agent: מצטערת.
21:18:07-consumer: בסדר
21:18:44-agent: מה כן עוזר לך להתמודד עם שאת שאת חווה?
21:20:32-consumer: לא יודעת
21:20:46-consumer: אני נמצאת במצב לא טוב בכלל
21:21:44-agent: רוצה להסביר יותר?
21:32:29-consumer: שחזרו לי הטיקים 
והמחשבות שיש לי 
ההרס העצמי 
והכל ביחד 
פשוט כבר אין לי כוח לרשום כל מה שאני מרגישה על עצמי
21:34:47-consumer: הכי מפחיד אותי זה הטיקים והמחשבה הקבועה שרצה לי בראש ורודפת אותי
21:35:06-agent: יש משהו שעוזר לך קצת להרחיק את הטיקים והמחשבות ממך כמו: מוזיקה, סרט וכדו'?
21:35:25-consumer: לא כלום לא עוזר
21:35:47-consumer: לקחתי כדור וגם טיפות וזה לא עוזר
21:36:11-consumer: הראש שלי לא מרוכז בכלל לראות טלויזיה
21:36:24-agent: נשמע שאת ממש סוובלת.
21:36:43-consumer: כן
21:37:14-agent: מה עוזר לך לעבור ימים כאלה?
21:37:20-consumer: יותר מזה שאתמול הגעתי למצב שרציתי לאשפז את עצמי אבל לא יכלתי לעשות את זה לבד
21:37:36-consumer: שתיה הרבה שתיה חריפה
21:38:14-agent: את מרגישה שאשפוז היה עוזר לך?
21:38:49-consumer: לא אני יודעת שזה יעשה לי יותר גרוע אבל נראה לי שלא תיהיה לי בררה
21:39:43-agent: את מרגישה שאין דרך אחרת להיטיב את מצבך?
21:39:59-consumer: לא הבנתי
21:40:31-agent: את מכירה משהו שעוזר לך שהוא לא אשפוז ולא שתיית אלכוהול?
21:40:42-consumer: לא
21:40:48-consumer: כן
21:41:08-agent: מה עוזר לך?
21:41:20-consumer: יש משהו אבל אני לא יכולה לספר אותו כי אני מפחדת
21:41:56-agent: אני שומעת ממך שהמשהו הזה מאוד מפחיד אותך.
21:42:11-consumer: לא
21:42:27-agent: לא מפחיד אותך?
21:42:43-consumer: לא מפחיד אותי רק לספר את זה
21:43:52-agent: אם תעזרי במה שאת מפחדת לספר מה יקרה?
21:44:20-consumer: מה זאת אומרת
21:45:15-agent: מה יקרה אם המשהו הזה יקרה?
21:45:28-consumer: עדיף לא לדעת
21:45:51-agent: אני מבינה ממך שזאת לא ממש עזרה.
21:46:03-consumer: לא
21:47:04-agent: להרגיש ששום דבר לא יכול לעזור זאת הרגשה ממש לא טבה.
21:47:53-consumer: יש משהו אחד 
וזה מה שאוכל לי את הראש 
אבל אני מפחדת מזה
21:48:32-agent: אני שומעת ממך שאת פוחדת ממשהו.
21:49:30-consumer: כן
21:50:13-agent: לפחוד ממשהו כל כך זה מאוד קשה.
21:51:13-consumer: זה לא לעוד הרבה זמן
21:51:31-agent: כי מה יקרה בעוד כמה זמן?
21:53:37-consumer: זה תשאירי לי
21:54:00-agent: נשמע לי מדאיג.
21:54:48-consumer: ביי
21:55:05-agent: לילה טוב ושקט.","'שלום, הגעת לווטסאפ של מרכזי הסיוע לנפגעות ונפגעי תקיפה מינית'
'סייעת תשוחח איתך בקרוב'
'ערב טוב, אני כאן בשבילך.'
'נשמע שמאוד רע לך.'
'רוצה לשתף?'
'רוצה לתאר מה נסגר עליך?'
'לא פשוט להרגיש כך.'
'נשמע שכרגע את במקום מאוד כואב וקשה.'
'את מכירה את המקום הקשה והכואב הזה?'
'רוצה יותר לפרט?'
'את יכולה לחשוב מה קרה בזמן האחרון שגרם למצב להיות יותר גרוע?'
'אני מבינה שיש כמה דברים שגרמו למצבך להיות רע יותר.'
'כל מה שכתבת למעלה וכל אחד מהם נשמע כבד מאוד.'
'אין לך אף אחד שאת יכולה לסמוך עליו?'
'כאשר את אומרת לא יהייה למה את מתכוונת?'
'אני חושבת שלהרגיש שאי אפשר לסמוך על אף אחד זה מאוד קשה.'
'מאוד קשה לי לקרוא את מה שאת כותבת. נראה שאת מאוד סובלת.'
'אני בשבילך פה .'
'רוצה לשתף במה את הכי רוצה?'
'חיבוק זה דבר נפלא. אני שומעת ממך שאין מישהו/י שיחבק אותך.'
'אני שולחת לך חיבוק מרחוק.'
'מצטערת.'
'מה כן עוזר לך להתמודד עם שאת שאת חווה?'
'רוצה להסביר יותר?'
'יש משהו שעוזר לך קצת להרחיק את הטיקים והמחשבות ממך כמו: מוזיקה, סרט וכדו'?'
'נשמע שאת ממש סוובלת.'
'מה עוזר לך לעבור ימים כאלה?'
'את מרגישה שאשפוז היה עוזר לך?'
'את מרגישה שאין דרך אחרת להיטיב את מצבך?'
'את מכירה משהו שעוזר לך שהוא לא אשפוז ולא שתיית אלכוהול?'
'מה עוזר לך?'
'אני שומעת ממך שהמשהו הזה מאוד מפחיד אותך.'
'לא מפחיד אותך?'
'אם תעזרי במה שאת מפחדת לספר מה יקרה?'
'מה יקרה אם המשהו הזה יקרה?'
'אני מבינה ממך שזאת לא ממש עזרה.'
'להרגיש ששום דבר לא יכול לעזור זאת הרגשה ממש לא טבה.'
'אני שומעת ממך שאת פוחדת ממשהו.'
'לפחוד ממשהו כל כך זה מאוד קשה.'
'כי מה יקרה בעוד כמה זמן?'
'נשמע לי מדאיג.'
'לילה טוב ושקט.'","'היי'
'לא טטב לי'
'טוב'
'קשה לי רע לי'
'חזרו לי הטיקים'
'כן'
'הכל נסגר עלי'
'הכל אני רואה הכל שחור'
'כן'
'אני לא מצליחה לראות או לשאוף לטיפת אור'
'כן'
'כן הרבה זמן לא הייתי שם'
'וזה חזר לי כמו כדור שלג ענק'
'שהמצב הנפשי שלי גרוע ביותר'
'בתקופה האחרונה'
'אתמול והיום זה ממש אבל ממש קיצוני'
'כן'
'יש כמה דברים'
'אחד זה הפגיעה 
2 זה המשפחה שלי 
3 זה המצב הכלכלי'
'ו4 זה שאמרו לי שסגרו את התיק'
'כן'
'וכל זה אני לבד'
'כי אין לי אף אחד'
'לא וגם לא יהיה'
'שלא יהייה לי אף אחד שאני יוכלה לסמוך עליו'
'אף אחד לא מוכן גם לעזור לי'
'לא אכפת לי כבר'
'כל החיים שלי הייתי לבד כל החיעם שלי אני ישאר לבד'
'נולדתי בסבל ימוות בסבל'
'כן'
'את לא רוצה לדעת לאיזה מצב הגעתי'
'את יודעת מה אני הכי רוצה 
אבל אני יודעת שזה לא אפשרי לא בתקופה הזאת ולא אלה'
'חיבוק חזק חם ואוהב 
אבל זה לא עוזר לי זה יכול רק לישאר בזה שאני הכי רוצה והכי בא לי'
'לא היה לי את זה אף פעם וגם לא יהייה לי'
'לא אל תגידי לי את זה'
'זה עושה לי עצבים בגוף'
'סליחה'
'בסדר'
'לא יודעת'
'אני נמצאת במצב לא טוב בכלל'
'שחזרו לי הטיקים 
והמחשבות שיש לי 
ההרס העצמי 
והכל ביחד 
פשוט כבר אין לי כוח לרשום כל מה שאני מרגישה על עצמי'
'הכי מפחיד אותי זה הטיקים והמחשבה הקבועה שרצה לי בראש ורודפת אותי'
'לא כלום לא עוזר'
'לקחתי כדור וגם טיפות וזה לא עוזר'
'הראש שלי לא מרוכז בכלל לראות טלויזיה'
'כן'
'יותר מזה שאתמול הגעתי למצב שרציתי לאשפז את עצמי אבל לא יכלתי לעשות את זה לבד'
'שתיה הרבה שתיה חריפה'
'לא אני יודעת שזה יעשה לי יותר גרוע אבל נראה לי שלא תיהיה לי בררה'
'לא הבנתי'
'לא'
'כן'
'יש משהו אבל אני לא יכולה לספר אותו כי אני מפחדת'
'לא'
'לא מפחיד אותי רק לספר את זה'
'מה זאת אומרת'
'עדיף לא לדעת'
'לא'
'יש משהו אחד 
וזה מה שאוכל לי את הראש 
אבל אני מפחדת מזה'
'כן'
'זה לא לעוד הרבה זמן'
'זה תשאירי לי'
'ביי'",1,,1,1,0,0,0,0,0,0,0,0,,"Hey
I havent been tired of me
Good
Its hard for me to me 
The ticks came back to me
Yes
Everything is closed to me
Everything I see everything is black
Yes
I cant see or aspire to a light drop
Yes
Yes for a long time I havent been there
And it came back to me like a huge snowball
That my mental state is worst
lately
Yesterday and today its really but really extreme
Yes
There are some things
One is the injury
2 This is my family
3 This is the economic situation 
And 4 the one who told me they closed the bag
Yes
And all that I am alone
Because I dont have anyone
No and will not be
I wont be anyone I can trust
No one is willing to help me either
I dont care already
My whole life I was alone all my disgrace I would stay alone
I was born in death suffering in suffering
Yes
You dont want to know which situation I have come
You know what I want most
But I know it is not possible in this period nor those 
A strong and loving strong hug
But it doesnt help me it can only stay in that I want and most come to me 
I never had it and wouldnt be me and I would
Dont dont tell me this
It makes me nerves in my body
Sorry
OK
Do not know
Im in a bad state at all
Back to me the ticks
And the thoughts I have
Self destruction
And all together
I just have no power to register all I feel about myself 
The most scares me is the ticks and the permanent thought that wanted me first and pursued me
Nothing doesnt help
I took a ball and drops and it doesnt help
My head is not at all concentrated to see TV
Yes
More than yesterday I came to the point I wanted to hospitalize but couldnt do it alone
Drinking a lot of hot drinks
I dont know it will make me worse but I think you wont be a choice
I did not understand
No
Yes
Theres something but I cant tell him because Im scared
No
Dont scare me just to tell it
What do you mean
Its better not to know
No
There is one thing
And thats what I eat my head
But Im afraid of it 
Yes
Its not for a long time
Itll leave me
Bye","['hey', 'i', 'havent', 'been', 'tired', 'of', 'me', 'good', 'its', 'hard', 'for', 'me', 'to', 'me', 'the', 'ticks', 'came', 'back', 'to', 'me', 'yes', 'everything', 'is', 'closed', 'to', 'me', 'everything', 'i', 'see', 'everything', 'is', 'black', 'yes', 'i', 'cant', 'see', 'or', 'aspire', 'to', 'a', 'light', 'drop', 'yes', 'yes', 'for', 'a', 'long', 'time', 'i', 'havent', 'been', 'there', 'and', 'it', 'came', 'back', 'to', 'me', 'like', 'a', 'huge', 'snowball', 'that', 'my', 'mental', 'state', 'is', 'worst', 'lately', 'yesterday', 'and', 'today', 'its', 'really', 'but', 'really', 'extreme', 'yes', 'there', 'are', 'some', 'things', 'one', 'is', 'the', 'injury', '2', 'this', 'is', 'my', 'family', '3', 'this', 'is', 'the', 'economic', 'situation', 'and', '4', 'the', 'one', 'who', 'told', 'me', 'they', 'closed', 'the', 'bag', 'yes', 'and', 'all', 'that', 'i', 'am', 'alone', 'because', 'i', 'dont', 'have', 'anyone', 'no', 'and', 'will', 'not', 'be', 'i', 'wont', 'be', 'anyone', 'i', 'can', 'trust', 'no', 'one', 'is', 'willing', 'to', 'help', 'me', 'either', 'i', 'dont', 'care', 'already', 'my', 'whole', 'life', 'i', 'was', 'alone', 'all', 'my', 'disgrace', 'i', 'would', 'stay', 'alone', 'i', 'was', 'born', 'in', 'death', 'suffering', 'in', 'suffering', 'yes', 'you', 'dont', 'want', 'to', 'know', 'which', 'situation', 'i', 'have', 'come', 'you', 'know', 'what', 'i', 'want', 'most', 'but', 'i', 'know', 'it', 'is', 'not', 'possible', 'in', 'this', 'period', 'nor', 'those', 'a', 'strong', 'and', 'loving', 'strong', 'hug', 'but', 'it', 'doesnt', 'help', 'me', 'it', 'can', 'only', 'stay', 'in', 'that', 'i', 'want', 'and', 'most', 'come', 'to', 'me', 'i', 'never', 'had', 'it', 'and', 'wouldnt', 'be', 'me', 'and', 'i', 'would', 'dont', 'dont', 'tell', 'me', 'this', 'it', 'makes', 'me', 'nerves', 'in', 'my', 'body', 'sorry', 'ok', 'do', 'not', 'know', 'im', 'in', 'a', 'bad', 'state', 'at', 'all', 'back', 'to', 'me', 'the', 'ticks', 'and', 'the', 'thoughts', 'i', 'have', 'self', 'destruction', 'and', 'all', 'together', 'i', 'just', 'have', 'no', 'power', 'to', 'register', 'all', 'i', 'feel', 'about', 'myself', 'the', 'most', 'scares', 'me', 'is', 'the', 'ticks', 'and', 'the', 'permanent', 'thought', 'that', 'wanted', 'me', 'first', 'and', 'pursued', 'me', 'nothing', 'doesnt', 'help', 'i', 'took', 'a', 'ball', 'and', 'drops', 'and', 'it', 'doesnt', 'help', 'my', 'head', 'is', 'not', 'at', 'all', 'concentrated', 'to', 'see', 'tv', 'yes', 'more', 'than', 'yesterday', 'i', 'came', 'to', 'the', 'point', 'i', 'wanted', 'to', 'hospitalize', 'but', 'couldnt', 'do', 'it', 'alone', 'drinking', 'a', 'lot', 'of', 'hot', 'drinks', 'i', 'dont', 'know', 'it', 'will', 'make', 'me', 'worse', 'but', 'i', 'think', 'you', 'wont', 'be', 'a', 'choice', 'i', 'did', 'not', 'understand', 'no', 'yes', 'theres', 'something', 'but', 'i', 'cant', 'tell', 'him', 'because', 'im', 'scared', 'no', 'dont', 'scare', 'me', 'just', 'to', 'tell', 'it', 'what', 'do', 'you', 'mean', 'its', 'better', 'not', 'to', 'know', 'no', 'there', 'is', 'one', 'thing', 'and', 'thats', 'what', 'i', 'eat', 'my', 'head', 'but', 'im', 'afraid', 'of', 'it', 'yes', 'its', 'not', 'for', 'a', 'long', 'time', 'itll', 'leave', 'me', 'bye']","[('hey', 'JJ'), ('havent', 'NN'), ('tire', 'NN'), ('good', 'JJ'), ('hard', 'JJ'), ('tick', 'NN'), ('came', 'VBD'), ('back', 'RB'), ('ye', 'JJ'), ('everyth', 'NN'), ('close', 'JJ'), ('everyth', 'JJ'), ('see', 'NN'), ('everyth', 'JJ'), ('black', 'JJ'), ('ye', 'NN'), ('cant', 'NN'), ('see', 'VBP'), ('aspir', 'JJ'), ('light', 'JJ'), ('drop', 'NN'), ('ye', 'NN'), ('ye', 'RB'), ('long', 'JJ'), ('time', 'NN'), ('havent', 'NN'), ('came', 'VBD'), ('back', 'RB'), ('like', 'IN'), ('huge', 'JJ'), ('snowbal', 'JJ'), ('mental', 'JJ'), ('state', 'NN'), ('worst', 'JJS'), ('late', 'RB'), ('yesterday', 'NN'), ('today', 'NN'), ('realli', 'VB'), ('realli', 'NN'), ('extrem', 'FW'), ('ye', 'JJ'), ('thing', 'NN'), ('one', 'CD'), ('injuri', 'NN'), ('2', 'CD'), ('thi', 'NN'), ('famili', 'NN'), ('3', 'CD'), ('thi', 'NN'), ('econom', 'NN'), ('situat', 'VBD'), ('4', 'CD'), ('one', 'CD'), ('told', 'VBD'), ('close', 'JJ'), ('bag', 'NN'), ('ye', 'NN'), ('alon', 'NN'), ('becaus', 'NN'), ('dont', 'NN'), ('anyon', 'NN'), ('wont', 'NN'), ('anyon', 'NN'), ('trust', 'NN'), ('one', 'CD'), ('help', 'NN'), ('either', 'CC'), ('dont', 'NN'), ('care', 'NN'), ('alreadi', 'JJ'), ('whole', 'JJ'), ('life', 'NN'), ('wa', 'NN'), ('alon', 'NN'), ('disgrac', 'NN'), ('would', 'MD'), ('stay', 'VB'), ('alon', 'RB'), ('wa', 'JJ'), ('born', 'VBN'), ('death', 'NN'), ('suffer', 'NN'), ('suffer', 'VBP'), ('ye', 'RB'), ('dont', 'JJ'), ('want', 'VBP'), ('know', 'JJ'), ('situat', 'VBP'), ('come', 'VBN'), ('know', 'VBP'), ('want', 'VBP'), ('know', 'JJ'), ('possibl', 'NN'), ('thi', 'JJ'), ('period', 'NN'), ('strong', 'JJ'), ('love', 'NN'), ('strong', 'JJ'), ('hug', 'NN'), ('doesnt', 'NN'), ('help', 'NN'), ('onli', 'VB'), ('stay', 'NN'), ('want', 'VBP'), ('come', 'VBN'), ('never', 'RB'), ('wouldnt', 'WRB'), ('would', 'MD'), ('dont', 'VB'), ('dont', 'NN'), ('tell', 'NN'), ('thi', 'NNS'), ('make', 'VBP'), ('nerv', 'JJ'), ('bodi', 'NN'), ('sorri', 'VBD'), ('ok', 'RB'), ('know', 'JJ'), ('im', 'NN'), ('bad', 'JJ'), ('state', 'NN'), ('back', 'RB'), ('tick', 'JJ'), ('thought', 'NN'), ('self', 'PRP'), ('destruct', 'VBP'), ('togeth', 'JJ'), ('power', 'NN'), ('regist', 'NN'), ('feel', 'NN'), ('scare', 'JJ'), ('tick', 'JJ'), ('perman', 'NN'), ('thought', 'VBD'), ('want', 'VBP'), ('first', 'JJ'), ('pursu', 'NN'), ('noth', 'DT'), ('doesnt', 'NN'), ('help', 'NN'), ('took', 'VBD'), ('ball', 'DT'), ('drop', 'NN'), ('doesnt', 'NN'), ('help', 'NN'), ('head', 'NN'), ('concentr', 'VB'), ('see', 'JJ'), ('tv', 'NN'), ('ye', 'NN'), ('yesterday', 'NN'), ('came', 'VBD'), ('point', 'NN'), ('want', 'VBP'), ('hospit', 'NN'), ('couldnt', 'NN'), ('alon', 'NN'), ('drink', 'NN'), ('lot', 'NN'), ('hot', 'JJ'), ('drink', 'NN'), ('dont', 'NN'), ('know', 'VBP'), ('make', 'VBP'), ('wors', 'NNS'), ('think', 'VBP'), ('wont', 'JJ'), ('choic', 'NN'), ('understand', 'NN'), ('ye', 'NN'), ('someth', 'NN'), ('cant', 'NN'), ('tell', 'NN'), ('becaus', 'NN'), ('im', 'NN'), ('scare', 'NN'), ('dont', 'JJ'), ('scare', 'NN'), ('tell', 'NN'), ('mean', 'VBP'), ('better', 'JJR'), ('know', 'VBP'), ('one', 'CD'), ('thing', 'NN'), ('eat', 'NN'), ('head', 'NN'), ('im', 'NN'), ('afraid', 'JJ'), ('ye', 'NN'), ('long', 'JJ'), ('time', 'NN'), ('itll', 'NN'), ('leav', 'NN'), ('bye', 'NN')]","['hey', 'havent', 'tire', 'good', 'hard', 'tick', 'came', 'back', 'ye', 'everyth', 'close', 'everyth', 'see', 'everyth', 'black', 'ye', 'cant', 'see', 'aspir', 'light', 'drop', 'ye', 'ye', 'long', 'time', 'havent', 'came', 'back', 'like', 'huge', 'snowbal', 'mental', 'state', 'worst', 'late', 'yesterday', 'today', 'realli', 'realli', 'extrem', 'ye', 'thing', 'one', 'injuri', '2', 'thi', 'famili', '3', 'thi', 'econom', 'situat', '4', 'one', 'told', 'close', 'bag', 'ye', 'alon', 'becaus', 'dont', 'anyon', 'wont', 'anyon', 'trust', 'one', 'help', 'either', 'dont', 'care', 'alreadi', 'whole', 'life', 'wa', 'alon', 'disgrac', 'would', 'stay', 'alon', 'wa', 'born', 'death', 'suffer', 'suffer', 'ye', 'dont', 'want', 'know', 'situat', 'come', 'know', 'want', 'know', 'possibl', 'thi', 'period', 'strong', 'love', 'strong', 'hug', 'doesnt', 'help', 'onli', 'stay', 'want', 'come', 'never', 'wouldnt', 'would', 'dont', 'dont', 'tell', 'thi', 'make', 'nerv', 'bodi', 'sorri', 'ok', 'know', 'im', 'bad', 'state', 'back', 'tick', 'thought', 'self', 'destruct', 'togeth', 'power', 'regist', 'feel', 'scare', 'tick', 'perman', 'thought', 'want', 'first', 'pursu', 'noth', 'doesnt', 'help', 'took', 'ball', 'drop', 'doesnt', 'help', 'head', 'concentr', 'see', 'tv', 'ye', 'yesterday', 'came', 'point', 'want', 'hospit', 'couldnt', 'alon', 'drink', 'lot', 'hot', 'drink', 'dont', 'know', 'make', 'wors', 'think', 'wont', 'choic', 'understand', 'ye', 'someth', 'cant', 'tell', 'becaus', 'im', 'scare', 'dont', 'scare', 'tell', 'mean', 'better', 'know', 'one', 'thing', 'eat', 'head', 'im', 'afraid', 'ye', 'long', 'time', 'itll', 'leav', 'bye']"
24ac0421-c41e-4e05-850a-93466220a574,30158593,1690000000000.0,7/31/2023 16:55,7/31/2023 16:55,7/31/2023 19:55,31-Jul-23,2023,7,July,31,1,Mon,19:55:49,19,55,Sun 30th Jul,Mon 31st Jul,1690000000000.0,7/31/2023 19:57,7/31/2023 19:57,7/31/2023 22:57,31-Jul-23,2023,7,July,31,1,Mon,22:57:58,22,57,Sun 30th Jul,Mon 31st Jul,182.15,,,AGENT,MANUAL_CLOSE,,WhatsApp Business,,,CLOSE,False,True,False,1700895950,ACTIVE,1700896750,,3,2023-07-31 16:55:49;2023-07-31 16:55:50;2023-07-31 17:01:55,1690822549182;1690822550045;1690822915368,false;false;false,0;2;1,System;Bot;Human,1,7/31/2023 16:55,1690000000000.0,1,7/31/2023 16:55,1690000000000.0,2,2023-07-31 16:55:50;2023-07-31 17:01:55,1690822550043;1690822915365,39,174.56,87.64,81.79,27,16,14,0,2,23,101.3,101.26,0,0.04,73.26,174.56,6.33,7.23,0,0.02,3.19,14,13,0,1,13,15.87,15.83,0.0,0.04,10.02,10.0,0.0,0.02,71.77,71.77,87.64,81.79,1.13,1.22,0.0,0.04,0.72,0.77,0.0,0.02,5.52,5.52,Agent,0.04,6.61,,0.04,0.23,0.8,0.78,,0.02,2,1.0,,1,0.4,0.78,,0.02,0.02,0.78,,0.02,0,6.11,0,0.02,254,119,105,0,14,135,4,4,4,0,0,0,"19:55:49-consumer: הייי
19:55:51-agent: שלום, הגעת לווטסאפ של מרכזי הסיוע לנפגעות ונפגעי תקיפה מינית
19:55:51-agent: סייעת תשוחח איתך בקרוב
19:56:05-consumer: תודה
20:02:41-agent: ערב טוב, אני כאן בשבילך.
20:03:28-consumer: חרא לי מאוד
20:03:52-agent: קשה לך מאוד ולא טוב לך.
20:04:06-consumer: בדיוק
20:04:23-agent: רוצצה להסביר יותר
20:04:46-consumer: החיים שלי מסובכים מאוד אחרייי האונס שעברתי
20:04:55-consumer: התחילו לי הפרעות אכילה במשך שבע שנים
20:05:00-consumer: וקשה לי עם זנ
20:05:48-agent: אני שומעת ממך שבעקבות התקיפה שעברת פתחת הפרעות אכילה וקשה לך להתמודד.
20:06:07-consumer: פיתחתי הפרעות אכילה ברמה קשה
20:06:12-consumer: מלפני שנה וחצי כמעט מתתי
20:06:29-consumer: עכשיו אני במצב יותר טוב מבחינה גם משקלית וגם אכילה
20:06:37-consumer: אבל תמיד באלי להעלם
20:07:05-agent: אני שמחה שאת היום במצב יותר טוב.
20:07:45-consumer: אבל הנפש שלי קורסת
20:07:51-consumer: ואני שוב בהדרדרות קלה
20:08:27-agent: כאשר את כותבת שאת בהדרדרות קלה מה את מרגישה?
20:09:21-consumer: אני מדברת על התקופה האחרונה שהיה לי יותר טוב עם האוכל והמשקל ועכשיו שוב התחלתי לצמצם ולרדת קצת במשקל אני עדיין במשקל תקין... אבלל זה לא באמת מחלה רק של משקל והנפש שלי קורסת כי הטראומה שלי מאוד מוצפת
20:10:33-agent: הנפש אחראית לתגובות פיזיות לעיתים.
20:13:39-consumer: בדיוק
20:14:12-agent: את יכולה לחשוב מה גורם להדרדרות הקלה?
20:17:51-consumer: הפוסט טראןמה שלי נורא פעילה לאחרונה
20:18:37-agent: אני מבינה שלאחרונה קרה משהו שהציף את הפוסט טראומה?
20:24:38-consumer: כן
20:25:02-agent: רוצה להסביר?
21:20:10-consumer: סליחה שנעלמצי אני כאן
21:20:26-consumer: סתם היה משהו שהציף את זה שקשה לי לדבר עליו
21:21:14-agent: מאוד קשה לדבר על דברים כואבים.
21:21:24-consumer: נכון
21:21:34-consumer: גם עם המטפלות שלי זה קשה
21:22:27-agent: תמיד קשה אבל אני חושבת שאם מדברים זה עוזר.
21:22:38-consumer: גם נכון
21:22:52-consumer: אני פשוט גם לא כלכך מרגישה טוב פיזית עכשיו
21:23:28-agent: אני מצטערת לשמוע.
22:50:23-agent: המשמרת עומדת להסתיים. אני מבינה שאין באפשרותך להמשיך לשוחח כרגע ואני נפרדת ממך. קו הווטסאפ יהיה זמין שוב מחר החל משעה 17.00","'שלום, הגעת לווטסאפ של מרכזי הסיוע לנפגעות ונפגעי תקיפה מינית'
'סייעת תשוחח איתך בקרוב'
'ערב טוב, אני כאן בשבילך.'
'קשה לך מאוד ולא טוב לך.'
'רוצצה להסביר יותר'
'אני שומעת ממך שבעקבות התקיפה שעברת פתחת הפרעות אכילה וקשה לך להתמודד.'
'אני שמחה שאת היום במצב יותר טוב.'
'כאשר את כותבת שאת בהדרדרות קלה מה את מרגישה?'
'הנפש אחראית לתגובות פיזיות לעיתים.'
'את יכולה לחשוב מה גורם להדרדרות הקלה?'
'אני מבינה שלאחרונה קרה משהו שהציף את הפוסט טראומה?'
'רוצה להסביר?'
'מאוד קשה לדבר על דברים כואבים.'
'תמיד קשה אבל אני חושבת שאם מדברים זה עוזר.'
'אני מצטערת לשמוע.'
'המשמרת עומדת להסתיים. אני מבינה שאין באפשרותך להמשיך לשוחח כרגע ואני נפרדת ממך. קו הווטסאפ יהיה זמין שוב מחר החל משעה 17.00'","'הייי'
'תודה'
'חרא לי מאוד'
'בדיוק'
'החיים שלי מסובכים מאוד אחרייי האונס שעברתי'
'התחילו לי הפרעות אכילה במשך שבע שנים'
'וקשה לי עם זנ'
'פיתחתי הפרעות אכילה ברמה קשה'
'מלפני שנה וחצי כמעט מתתי'
'עכשיו אני במצב יותר טוב מבחינה גם משקלית וגם אכילה'
'אבל תמיד באלי להעלם'
'אבל הנפש שלי קורסת'
'ואני שוב בהדרדרות קלה'
'אני מדברת על התקופה האחרונה שהיה לי יותר טוב עם האוכל והמשקל ועכשיו שוב התחלתי לצמצם ולרדת קצת במשקל אני עדיין במשקל תקין... אבלל זה לא באמת מחלה רק של משקל והנפש שלי קורסת כי הטראומה שלי מאוד מוצפת'
'בדיוק'
'הפוסט טראןמה שלי נורא פעילה לאחרונה'
'כן'
'סליחה שנעלמצי אני כאן'
'סתם היה משהו שהציף את זה שקשה לי לדבר עליו'
'נכון'
'גם עם המטפלות שלי זה קשה'
'גם נכון'
'אני פשוט גם לא כלכך מרגישה טוב פיזית עכשיו'",1,,0,0,1,0,0,0,0,0,0,0,,"Hi
Thanks
Shit me a lot
exactly
My life is very complicated after the rape I went through
I started eating disorders for seven years
And its hard for me with a strain
I developed severe level eating disorders
From a year and a half ago I died
I am in a better condition both weighty and eating
But always Bali disappear
But my soul collapses
And i again deteriorate
Im talking about the last period I had better with the food and weight and now I started to reduce and lose a little weight I was still in good weight  But it is not really a disease of weight and my soul collapses because my trauma is very flooded
exactly
My Post Matama has been very active recent
Yes
Sorry I am a shame I am here
There was something that overwhelmed that its hard for me to talk about
Right
Even with my therapists is hard
Also true
I just dont feel so physically good now","['hi', 'thanks', 'shit', 'me', 'a', 'lot', 'exactly', 'my', 'life', 'is', 'very', 'complicated', 'after', 'the', 'rape', 'i', 'went', 'through', 'i', 'started', 'eating', 'disorders', 'for', 'seven', 'years', 'and', 'its', 'hard', 'for', 'me', 'with', 'a', 'strain', 'i', 'developed', 'severe', 'level', 'eating', 'disorders', 'from', 'a', 'year', 'and', 'a', 'half', 'ago', 'i', 'died', 'i', 'am', 'in', 'a', 'better', 'condition', 'both', 'weighty', 'and', 'eating', 'but', 'always', 'bali', 'disappear', 'but', 'my', 'soul', 'collapses', 'and', 'i', 'again', 'deteriorate', 'im', 'talking', 'about', 'the', 'last', 'period', 'i', 'had', 'better', 'with', 'the', 'food', 'and', 'weight', 'and', 'now', 'i', 'started', 'to', 'reduce', 'and', 'lose', 'a', 'little', 'weight', 'i', 'was', 'still', 'in', 'good', 'weight', 'but', 'it', 'is', 'not', 'really', 'a', 'disease', 'of', 'weight', 'and', 'my', 'soul', 'collapses', 'because', 'my', 'trauma', 'is', 'very', 'flooded', 'exactly', 'my', 'post', 'matama', 'has', 'been', 'very', 'active', 'recent', 'yes', 'sorry', 'i', 'am', 'a', 'shame', 'i', 'am', 'here', 'there', 'was', 'something', 'that', 'overwhelmed', 'that', 'its', 'hard', 'for', 'me', 'to', 'talk', 'about', 'right', 'even', 'with', 'my', 'therapists', 'is', 'hard', 'also', 'true', 'i', 'just', 'dont', 'feel', 'so', 'physically', 'good', 'now']","[('hi', 'NN'), ('thank', 'NN'), ('shit', 'NN'), ('lot', 'NN'), ('exactli', 'JJ'), ('life', 'NN'), ('veri', 'NNS'), ('complic', 'JJ'), ('rape', 'NN'), ('went', 'VBD'), ('start', 'JJ'), ('eat', 'NN'), ('disord', 'NN'), ('seven', 'CD'), ('year', 'NN'), ('hard', 'RB'), ('strain', 'VBP'), ('develop', 'VB'), ('sever', 'JJ'), ('level', 'NN'), ('eat', 'NN'), ('disord', 'JJ'), ('year', 'NN'), ('half', 'NN'), ('ago', 'IN'), ('die', 'JJ'), ('better', 'JJR'), ('condit', 'NN'), ('weighti', 'NN'), ('eat', 'NN'), ('alway', 'RB'), ('bali', 'JJ'), ('disappear', 'JJ'), ('soul', 'NN'), ('collaps', 'NNS'), ('deterior', 'RB'), ('im', 'VBP'), ('talk', 'NN'), ('last', 'JJ'), ('period', 'NN'), ('better', 'RBR'), ('food', 'NN'), ('weight', 'JJ'), ('start', 'NN'), ('reduc', 'NN'), ('lose', 'VBP'), ('littl', 'NN'), ('weight', 'NN'), ('wa', 'NN'), ('still', 'RB'), ('good', 'JJ'), ('weight', 'NN'), ('realli', 'NN'), ('diseas', 'NNS'), ('weight', 'VBD'), ('soul', 'NN'), ('collaps', 'NNS'), ('becaus', 'VBP'), ('trauma', 'JJ'), ('veri', 'NN'), ('flood', 'NN'), ('exactli', 'NN'), ('post', 'NN'), ('matama', 'NN'), ('ha', 'NN'), ('veri', 'NN'), ('activ', 'JJ'), ('recent', 'JJ'), ('ye', 'NN'), ('sorri', 'NN'), ('shame', 'NN'), ('wa', 'NN'), ('someth', 'VBZ'), ('overwhelm', 'RB'), ('hard', 'JJ'), ('talk', 'NN'), ('right', 'RB'), ('even', 'RB'), ('therapist', 'VB'), ('hard', 'JJ'), ('also', 'RB'), ('true', 'JJ'), ('dont', 'NN'), ('feel', 'NN'), ('physic', 'JJ'), ('good', 'JJ')]","['hi', 'thank', 'shit', 'lot', 'exactli', 'life', 'veri', 'complic', 'rape', 'went', 'start', 'eat', 'disord', 'seven', 'year', 'hard', 'strain', 'develop', 'sever', 'level', 'eat', 'disord', 'year', 'half', 'ago', 'die', 'better', 'condit', 'weighti', 'eat', 'alway', 'bali', 'disappear', 'soul', 'collaps', 'deterior', 'im', 'talk', 'last', 'period', 'better', 'food', 'weight', 'start', 'reduc', 'lose', 'littl', 'weight', 'wa', 'still', 'good', 'weight', 'realli', 'diseas', 'weight', 'soul', 'collaps', 'becaus', 'trauma', 'veri', 'flood', 'exactli', 'post', 'matama', 'ha', 'veri', 'activ', 'recent', 'ye', 'sorri', 'shame', 'wa', 'someth', 'overwhelm', 'hard', 'talk', 'right', 'even', 'therapist', 'hard', 'also', 'true', 'dont', 'feel', 'physic', 'good']"
f0f13cef-c4ec-4b03-9196-36b8fe4e15f2,30158593,1690000000000.0,7/31/2023 15:25,7/31/2023 15:25,7/31/2023 18:25,31-Jul-23,2023,7,July,31,1,Mon,18:25:11,18,25,Sun 30th Jul,Mon 31st Jul,1690000000000.0,7/31/2023 15:29,7/31/2023 15:29,7/31/2023 18:29,31-Jul-23,2023,7,July,31,1,Mon,18:29:54,18,29,Sun 30th Jul,Mon 31st Jul,4.72,,,AGENT,MANUAL_CLOSE,,WhatsApp Business,,,CLOSE,False,False,False,1700895950,ACTIVE,1700896750,,3,2023-07-31 15:25:11;2023-07-31 15:25:13;2023-07-31 15:28:23,1690817111154;1690817113104;1690817303036,false;false;false,0;2;1,System;Bot;Human,1,7/31/2023 15:25,1690000000000.0,1,7/31/2023 15:25,1690000000000.0,2,2023-07-31 15:25:13;2023-07-31 15:28:23,1690817113102;1690817303034,3,0.05,0.05,0.02,1,2,0,0,2,1,0.05,0.0,0,0.05,0.0,0.05,0.03,0.0,0,0.03,0.0,1,0,0,1,0,0.05,0.0,0.0,0.05,0.02,0.0,0.0,0.02,0.0,0.0,0.05,0.02,0.05,0.0,0.0,0.05,0.02,0.0,0.0,0.02,0.0,0.0,Agent,0.05,,,0.05,,0.02,,,0.02,1,,,1,0.02,,,0.02,0.02,,,0.02,0,3.2,0,0.03,24,14,0,0,14,10,0,0,0,0,0,0,"18:25:11-consumer: הי תודה הצלחתי להשיג אותם ב 1203 בלי הכוכבית 🙏
18:25:14-agent: שלום, הגעת לווטסאפ של מרכזי הסיוע לנפגעות ונפגעי תקיפה מינית
18:25:14-agent: סייעת תשוחח איתך בקרוב","'שלום, הגעת לווטסאפ של מרכזי הסיוע לנפגעות ונפגעי תקיפה מינית'
'סייעת תשוחח איתך בקרוב'",'הי תודה הצלחתי להשיג אותם ב 1203 בלי הכוכבית 🙏',0,,0,0,0,0,0,0,0,0,0,0,,Hi thanks I managed to get them in 1203 without the stroke ,"['hi', 'thanks', 'i', 'managed', 'to', 'get', 'them', 'in', '1203', 'without', 'the', 'stroke']","[('hi', 'NN'), ('thank', 'NN'), ('manag', 'NN'), ('get', 'NN'), ('1203', 'CD'), ('without', 'IN'), ('stroke', 'NN')]","['hi', 'thank', 'manag', 'get', '1203', 'without', 'stroke']"
f6638baf-71fd-4f01-98d6-53148eff7529,30158593,1690000000000.0,7/31/2023 14:53,7/31/2023 14:53,7/31/2023 17:53,31-Jul-23,2023,7,July,31,1,Mon,17:53:19,17,53,Sun 30th Jul,Mon 31st Jul,1690000000000.0,7/31/2023 16:42,7/31/2023 16:42,7/31/2023 19:42,31-Jul-23,2023,7,July,31,1,Mon,19:42:20,19,42,Sun 30th Jul,Mon 31st Jul,109.02,,,AGENT,MANUAL_CLOSE,,WhatsApp Business,,,CLOSE,True,True,False,1700895950,ACTIVE,1700896750,,3,2023-07-31 14:53:19;2023-07-31 14:53:20;2023-07-31 14:53:25,1690815199959;1690815200222;1690815205659,false;false;false,0;2;1,System;Bot;Human,1,7/31/2023 14:53,1690000000000.0,1,7/31/2023 14:53,1690000000000.0,2,2023-07-31 14:53:20;2023-07-31 14:53:25,1690815200220;1690815205657,10,96.24,96.24,100.25,6,4,2,0,2,6,59.85,59.82,0,0.03,36.39,96.24,14.96,29.91,0,0.02,6.07,3,2,0,1,3,65.35,65.32,0.0,0.03,69.36,69.34,0.0,0.02,30.89,30.89,96.24,100.25,21.78,32.66,0.0,0.03,23.12,34.67,0.0,0.02,10.3,10.3,Agent,0.03,60.96,,0.03,4.1,65.0,64.98,,0.02,2,1.0,,1,32.5,64.98,,0.02,0.02,64.98,,0.02,0,0.1,0,0.01,49,35,21,0,14,14,0,0,0,0,0,0,"17:53:19-consumer: היי
17:53:21-agent: שלום, הגעת לווטסאפ של מרכזי הסיוע לנפגעות ונפגעי תקיפה מינית
17:53:21-agent: סייעת תשוחח איתך בקרוב
17:57:27-consumer: לא משנה
18:02:49-consumer: מישהו פה
18:02:57-consumer: לא עונים בטלפון
18:58:24-agent: הי, אני ענת ואני איתך אם מתאים לך לדבר עכשיו
19:24:33-consumer: היי עזרו לי 
תודה בינתיים
19:28:54-agent: תודה שעדכנת. אנחנו כאן היום עד שעה 23:00 ומחר משעה 17:00
19:29:33-consumer: תודה","'שלום, הגעת לווטסאפ של מרכזי הסיוע לנפגעות ונפגעי תקיפה מינית'
'סייעת תשוחח איתך בקרוב'
'הי, אני ענת ואני איתך אם מתאים לך לדבר עכשיו'
'תודה שעדכנת. אנחנו כאן היום עד שעה 23:00 ומחר משעה 17:00'","'היי'
'לא משנה'
'מישהו פה'
'לא עונים בטלפון'
'היי עזרו לי 
תודה בינתיים'
'תודה'",0,,0,0,0,0,0,0,0,0,0,0,,"Hey
Does not matter
Is anyone here
Dont answer the phone
Hi helped me
Thanks in the meantime 
Thanks","['hey', 'does', 'not', 'matter', 'is', 'anyone', 'here', 'dont', 'answer', 'the', 'phone', 'hi', 'helped', 'me', 'thanks', 'in', 'the', 'meantime', 'thanks']","[('hey', 'NN'), ('doe', 'VBP'), ('matter', 'NN'), ('anyon', 'NN'), ('dont', 'NN'), ('answer', 'IN'), ('phone', 'NN'), ('hi', 'NN'), ('help', 'NN'), ('thank', 'VB'), ('meantim', 'NN'), ('thank', 'NN')]","['hey', 'doe', 'matter', 'anyon', 'dont', 'answer', 'phone', 'hi', 'help', 'thank', 'meantim', 'thank']"
5c769540-daf3-4171-bfa8-80ce7146a26d,30158593,1690000000000.0,7/31/2023 9:42,7/31/2023 9:42,7/31/2023 12:42,31-Jul-23,2023,7,July,31,1,Mon,12:42:30,12,42,Sun 30th Jul,Mon 31st Jul,1690000000000.0,7/31/2023 14:11,7/31/2023 14:11,7/31/2023 17:11,31-Jul-23,2023,7,July,31,1,Mon,17:11:11,17,11,Sun 30th Jul,Mon 31st Jul,268.68,,,AGENT,MANUAL_CLOSE,,WhatsApp Business,,,CLOSE,False,True,True,1700895950,ACTIVE,1700896750,,3,2023-07-31 09:42:30;2023-07-31 09:42:30;2023-07-31 14:01:07,1690796550839;1690796550848;1690812067482,false;false;false,0;2;1,System;Bot;Human,1,7/31/2023 9:42,1690000000000.0,1,7/31/2023 9:42,1690000000000.0,2,2023-07-31 09:42:30;2023-07-31 14:01:07,1690796550845;1690812067479,9,268.57,264.6,6.04,6,6,2,0,4,3,268.55,268.53,0,0.02,0.02,268.57,44.76,134.27,0,0.01,0.01,4,1,0,3,2,264.58,264.56,0.0,0.02,6.02,6.0,0.0,0.02,0.02,0.02,264.6,6.04,66.15,264.56,0.0,0.01,1.51,6.0,0.0,0.01,0.01,0.01,Agent,0.02,264.56,,0.02,0.01,6.02,6.0,,0.02,2,1.0,,1,3.01,6.0,,0.02,0.02,6.0,,0.02,0,258.62,0,0.0,109,106,34,0,72,3,0,0,0,0,0,0,"12:42:30-consumer: 
12:42:32-agent: שלום, הגעת לווטסאפ של מרכזי הסיוע לנפגעות ונפגעי תקיפה מינית
12:42:32-agent: הצ'אט שלנו בווטסאפ *לא פעיל* כעת ואין ביכולתנו לראות או לקבל את הודעתך
12:42:33-consumer: 
12:42:33-agent: שעות המענה בווטסאפ:
בימים א'-ה' ושבת בין השעות 17:00-23:00
12:42:33-consumer: 
12:42:33-agent: אם הנך זקוק/ה כרגע לסיוע, ניתן לפנות ל:
✳️ קו סיוע טלפוני זמין 24/7:
 1202 מענה ע""י אישה, 
 1203 מענה ע""י גבר
 2511* תהל- סיוע לנשים וילדים דתיים  
 ✳️ צ'אט אנונימי באתר 1202kolmila.org.il בימים א'-ה' ובשבת, בין השעות 17:00-24:00
17:07:07-agent: ערב טוב אני כאן איתך אם מתאים ואת מעונינת להמשיך בשיחה
17:11:05-agent: אני מבינה שאין באפשרותך להמשיך לשוחח כרגע. אני נפרדת ממך בשלב הזה. קו הווטסאפ זמין הערב עד שעה 23.00 או מחר משעה 17.00","'שלום, הגעת לווטסאפ של מרכזי הסיוע לנפגעות ונפגעי תקיפה מינית'
'הצ'אט שלנו בווטסאפ *לא פעיל* כעת ואין ביכולתנו לראות או לקבל את הודעתך'
'שעות המענה בווטסאפ:
בימים א'-ה' ושבת בין השעות 17:00-23:00'
'אם הנך זקוק/ה כרגע לסיוע, ניתן לפנות ל:
✳️ קו סיוע טלפוני זמין 24/7:
 1202 מענה ע""י אישה, 
 1203 מענה ע""י גבר
 2511* תהל- סיוע לנשים וילדים דתיים  
 ✳️ צ'אט אנונימי באתר 1202kolmila.org.il בימים א'-ה' ובשבת, בין השעות 17:00-24:00'
'ערב טוב אני כאן איתך אם מתאים ואת מעונינת להמשיך בשיחה'
'אני מבינה שאין באפשרותך להמשיך לשוחח כרגע. אני נפרדת ממך בשלב הזה. קו הווטסאפ זמין הערב עד שעה 23.00 או מחר משעה 17.00'","''
''
''",0,,0,0,0,0,0,0,0,0,0,0,,"

",[],[],[]
26a21be6-1dfe-4410-9011-b782dec85b29,30158593,1690000000000.0,7/31/2023 9:14,7/31/2023 9:14,7/31/2023 12:14,31-Jul-23,2023,7,July,31,1,Mon,12:14:57,12,14,Sun 30th Jul,Mon 31st Jul,1690000000000.0,7/31/2023 15:57,7/31/2023 15:57,7/31/2023 18:57,31-Jul-23,2023,7,July,31,1,Mon,18:57:37,18,57,Sun 30th Jul,Mon 31st Jul,402.66,,,AGENT,MANUAL_CLOSE,,WhatsApp Business,,,CLOSE,True,True,False,1700895950,ACTIVE,1700896750,,3,2023-07-31 09:14:58;2023-07-31 09:15:00;2023-07-31 13:58:41,1690794898028;1690794900065;1690811921764,false;false;false,0;2;1,System;Bot;Human,1,7/31/2023 9:14,1690000000000.0,1,7/31/2023 9:15,1690000000000.0,2,2023-07-31 09:15:00;2023-07-31 13:58:41,1690794900063;1690811921762,30,369.17,369.59,86.1,20,18,11,1,6,12,338.93,338.83,0,0.1,30.24,369.17,18.83,30.8,0,0.02,2.52,11,9,1,1,9,320.96,320.51,0.4,0.05,37.47,36.92,0.54,0.01,48.63,48.63,369.59,86.1,29.18,35.61,0.4,0.05,3.41,4.1,0.54,0.01,5.4,5.4,Agent,0.05,302.16,0.4,0.05,0.09,19.12,18.57,0.54,0.01,3,1.0,1.0,1,6.373333333,18.57,0.54,0.01,0.01,18.57,0.54,0.01,0,283.73,0,0.04,877,386,241,66,79,491,4,0,0,0,0,4,"12:14:57-consumer: היי
12:15:00-agent: שלום, הגעת לווטסאפ של מרכזי הסיוע לנפגעות ונפגעי תקיפה מינית
12:15:01-agent: הצ'אט שלנו בווטסאפ *לא פעיל* כעת ואין ביכולתנו לראות או לקבל את הודעתך
12:15:01-agent: שעות המענה בווטסאפ:
בימים א'-ה' ושבת בין השעות 17:00-23:00
12:15:02-agent: אם הנך זקוק/ה כרגע לסיוע, ניתן לפנות ל:
✳️ קו סיוע טלפוני זמין 24/7:
 1202 מענה ע""י אישה, 
 1203 מענה ע""י גבר
 2511* תהל- סיוע לנשים וילדים דתיים  
 ✳️ צ'אט אנונימי באתר 1202kolmila.org.il בימים א'-ה' ובשבת, בין השעות 17:00-24:00
12:15:03-agent: מוזמנות ומוזמנים לפנות אלינו בשעות הפעילות
12:15:04-agent: 
12:15:05-consumer: אני רוצה בבקשה סיוע
12:15:30-consumer: כן
12:15:30-agent: שלום, הגעת לקו הווטסאפ של מרכזי הסיוע לנפגעות ונפגעי תקיפה מינית.
הסיוע בווטסאפ פועל:
ביום א' בין השעות 10:00-13:00 ו- 17:00-23:00, 
בימים ב'-ה' וביום שבת בין השעות 17:00-23:00.

אם הנך זקוק/ה כרגע לסיוע, ניתן לפנות ל:
✳️ קו סיוע טלפוני זמין 24/7:
 1202 מענה ע""י אישה, 
 1203 מענה ע""י גבר
 2511* תהל- סיוע לנשים וילדים דתיים  
 ✳️ צ'אט אנונימי באתר 1202kolmila.org.il בימים א'-ה' ובשבת, בין השעות 17:00-24:00
17:17:15-agent: הי אני ענת, אני איתך אם מתאים לך לדבר עכשיו
17:17:29-consumer: היי
17:18:07-agent: כתבת שאת רוצה סיוע, תרצי לשתף ביותר פרטים
17:19:02-consumer: אני יכולה לשלוח את הסיפור?
17:19:39-agent: בוודאי, כל עוד זה כתוב ללא קובץ לפתיחה
17:20:19-consumer: אני רוצה לשתף משהו שכואב לי - זה ארוך..
אזהרת טריגר - הטרדה מינית
אני אתחיל בהצהרה - אני לא אוהבת שנוגעים בי בלי רשות, לא משנה באיזה קטע. זה מכווץ אותי.

הייתי אתמול בישיבה ואחת מהעובדות במשרד הזיזה לי את החצאית כי ""זה חשוף מידי וזה לא נעים ויש כאן אנשים"". הסתכלתי עליה בwtf ואמרתי לה שזה ממש לא בסדר ואם יש משהו כזה שתגיד לי ולא פשוט תיגע בי. אני מבינה שהיא חושבת שזה לטובתי אבל הרגשתי איך זה מדכא אותי. מסתיר אותי. מקטין ומקווץ אותי.
הנחיתות של ימי ראשון במשרד תמיד קשות לי. ביחוד אחרי אירועים בהם אני מרגישה הכי משוחררת (דוגמאת הליאנקאה בשישי).
אבל זה ממש הוריד אותי, הנחית אותי למציאות בה הירך שלי ""עושה רע לאנשים"".
וזה כלכך כאב לי.
כל מה שרציתי לעשוץ זה ללכת הביתה ולהיכנס למיטה ולעשן פייסל ולהדחיק.
אבל החלטתי ללכת לים, לחוף ריק ולהיכנס ערומה למים. ולנכס לעצמי מחדש את הגוף שלי.
ואחרי שבאמת ככה היה, וחזרתי לעצמי, ורקדתי וצחקתי וצעקתי ושרתי. הגיע מישהו לחוף (רצועת חוף של קילומטר בערך ואני הייתי היחידה שם) התיישב ליד הדברים שלי כשאני הייתי במים, התפשט ונכנס גם.
עד כה הכל סבבה, זכותו, ועירום זה טיבעי.
הוא הציע הצעה מינית ואמרתי לו מאוד בכבוד שאני לא העיניין ושיתפוס ממני קצת מרחק. 
הרגשתי לא בנוח והבטן שלי אמרה לי ""לכי"" אז לקחתי את הדברים שלי ויצאתי בחזרה לחוף (הליכה של חצי שעה על סלעים והריסות, לא מקום סימפטי להיות בו בלחץ) ואז הוא התחיל ללכת אחרי. 
עצרתי במרחק ממנו כדי לתת לו לעבור ושלא ילך אחרי (כבר התחיל להחשיך).
הוא ניגש אלי שוב , אחרי שכבר סירבתי לו, והציע שוב את אותן הצעות. אמרתי לו כבר ביותר תקיפות שיתרק ממני ושאני לא מעוניינת ןהנוכחות שלו לא עושה לי טוב, הוא ניסה להמשיך לדבר ופשוט צעקתי עליו שיעזוב אותי.
הוא התחיל ללכת, חיכיתי שיתרחק (הדרך חזרה מסוכנת ובלי שדה ראיה רחב)
התחלתי ללכת, אחרי כמה דקות אני רואה אותו 3 מטר ממני, הולך ליכיווני.
ומנסה שוב.
בשלב זה כבר התעלמתי ממנו, לא הסתכלתי עליו ולא עניתי לו. ואז הוא אמר משפט שלחץ לי בנקודע רגישה ""סליחה שנולדתי שחור"" ובתור אדם שמאמין בשוויון לא יכולתי לשתוק ואמרתי לו שזה ממש ממש לא קשור לצבע העור שלו. זה בגלל שהוא מטריד אותי, ולא עוזב אותי ושאם הוא היה לבן הייתי מפחדת באותה המידה. הסתובבתי והתחלתי להגביר קצב. הולכת ממש מהר על סלעים לא יציבים שצריך להקדיש תשומת לב לכל צעד. הוא צעק לי מילות ""חיבה"" ושוב התחיל ללכת אחרי. פה כבר פתחתי בריצה. באתי לחוף האהוב עלי, להשתחרר. ומצאתי את עצמי רצה בוכה וחוששת. עם כאב בטן מחרדה על סף התקף. רצתי את כל החוף עד לרכב וגם עכשיו, שעבר לילה. אני עדיין בחרדה. מרגישה שלא משנה מה אני אעשה אני אצא מפסידה, מושפלת, קטנה.
17:25:01-agent: עברת חוויה כל כך מפחידה, הגיוני שאת עדיין חווה חרדות. ויחד עם זאת הגנת על עצמך, התנהגת באחריות ועם הרבה תושיה
17:25:43-consumer: הלכתי היום לחוף אחר עם הרבה אנשים, ועדיין הרגשתי ממש ברע
17:27:59-agent: נשמע שאת אישה עם הרבה מודעות רגשית למה שקורה לך. ביצעת אקט של חוויה מתקנת ולא וויתרת על מה שנשמע כמקום האהוב עליך - ים רק בגלל שחווית הטרדה וסכנה בחוף המבודד
17:28:32-consumer: איך להתמודד? מה לעשות עם החרדה?
17:29:49-agent: אם אני מבינה נכון מדובר במקרה טרי. את עושה הכל נכון, מדברת על זה, כותבת את זה. זה תהליך שיכול לקחת זמן
17:30:55-consumer: כן, זה קרה אתמול
17:31:30-consumer: הים היה המקום הבטוח שלי, המקום שהייתי מגיעה אליו כל יום בשביל הכל, לצחוק לבכות הכל
17:32:34-agent: זה באמת כל כך טרי. כל אחת חווה את הטראומה מפגיעה/הטרדה בצורה שונה. אם יש אנשים שקרובים אליך שתוכלי לחלוק איתם את החוויה זה לפעמים יכול לעזור
17:51:06-agent: כתבת שהים מרגיע אותך ויחד עם זאת שם חווית פחד קיומי, זה יכול להיות מאוד מתסכל שהמקום שתמיד היה עבורך מפלט הפך להיות זכרון כואב
18:14:55-consumer: יש המלצה לאיך אני הופכת את זה חזרה למקום נעים?
18:18:14-agent: קודם כל זה תלוי במי שאת, אם יש לך חברות שאת יכולה לשתף אותן במה שקרה ולבקש שילכו איתך לים, או כמו שעשית היום למצוא רצועת חוף עם הרבה אנשים, אפילו באזור של משפחות וילדים. אולי תהיי קצת יותר מוגבלת אבל תוכלי להמשיך להרגיש את הים והגלים שנשמע שאת כל כך אוהבת
18:19:00-agent: ולא פחות חשוב לדעת שהדברים האלה לוקחים זמן
18:20:14-consumer: תודה
18:24:08-agent: אין על מה, אנחנו כאן בשבילך לכל מטרה. מתי שתרגישי צורך את מוזמנת לדבר איתנו. או בווצאפ או בקו הטלפוני 1202. אם זה ברגעים קשים ואם רק בהתלבטויות","'שלום, הגעת לווטסאפ של מרכזי הסיוע לנפגעות ונפגעי תקיפה מינית'
'הצ'אט שלנו בווטסאפ *לא פעיל* כעת ואין ביכולתנו לראות או לקבל את הודעתך'
'שעות המענה בווטסאפ:
בימים א'-ה' ושבת בין השעות 17:00-23:00'
'אם הנך זקוק/ה כרגע לסיוע, ניתן לפנות ל:
✳️ קו סיוע טלפוני זמין 24/7:
 1202 מענה ע""י אישה, 
 1203 מענה ע""י גבר
 2511* תהל- סיוע לנשים וילדים דתיים  
 ✳️ צ'אט אנונימי באתר 1202kolmila.org.il בימים א'-ה' ובשבת, בין השעות 17:00-24:00'
'מוזמנות ומוזמנים לפנות אלינו בשעות הפעילות'
''
'שלום, הגעת לקו הווטסאפ של מרכזי הסיוע לנפגעות ונפגעי תקיפה מינית.
הסיוע בווטסאפ פועל:
ביום א' בין השעות 10:00-13:00 ו- 17:00-23:00, 
בימים ב'-ה' וביום שבת בין השעות 17:00-23:00.

אם הנך זקוק/ה כרגע לסיוע, ניתן לפנות ל:
✳️ קו סיוע טלפוני זמין 24/7:
 1202 מענה ע""י אישה, 
 1203 מענה ע""י גבר
 2511* תהל- סיוע לנשים וילדים דתיים  
 ✳️ צ'אט אנונימי באתר 1202kolmila.org.il בימים א'-ה' ובשבת, בין השעות 17:00-24:00'
'הי אני ענת, אני איתך אם מתאים לך לדבר עכשיו'
'כתבת שאת רוצה סיוע, תרצי לשתף ביותר פרטים'
'בוודאי, כל עוד זה כתוב ללא קובץ לפתיחה'
'עברת חוויה כל כך מפחידה, הגיוני שאת עדיין חווה חרדות. ויחד עם זאת הגנת על עצמך, התנהגת באחריות ועם הרבה תושיה'
'נשמע שאת אישה עם הרבה מודעות רגשית למה שקורה לך. ביצעת אקט של חוויה מתקנת ולא וויתרת על מה שנשמע כמקום האהוב עליך - ים רק בגלל שחווית הטרדה וסכנה בחוף המבודד'
'אם אני מבינה נכון מדובר במקרה טרי. את עושה הכל נכון, מדברת על זה, כותבת את זה. זה תהליך שיכול לקחת זמן'
'זה באמת כל כך טרי. כל אחת חווה את הטראומה מפגיעה/הטרדה בצורה שונה. אם יש אנשים שקרובים אליך שתוכלי לחלוק איתם את החוויה זה לפעמים יכול לעזור'
'כתבת שהים מרגיע אותך ויחד עם זאת שם חווית פחד קיומי, זה יכול להיות מאוד מתסכל שהמקום שתמיד היה עבורך מפלט הפך להיות זכרון כואב'
'קודם כל זה תלוי במי שאת, אם יש לך חברות שאת יכולה לשתף אותן במה שקרה ולבקש שילכו איתך לים, או כמו שעשית היום למצוא רצועת חוף עם הרבה אנשים, אפילו באזור של משפחות וילדים. אולי תהיי קצת יותר מוגבלת אבל תוכלי להמשיך להרגיש את הים והגלים שנשמע שאת כל כך אוהבת'
'ולא פחות חשוב לדעת שהדברים האלה לוקחים זמן'
'אין על מה, אנחנו כאן בשבילך לכל מטרה. מתי שתרגישי צורך את מוזמנת לדבר איתנו. או בווצאפ או בקו הטלפוני 1202. אם זה ברגעים קשים ואם רק בהתלבטויות'","'היי'
'אני רוצה בבקשה סיוע'
'כן'
'היי'
'אני יכולה לשלוח את הסיפור?'
'אני רוצה לשתף משהו שכואב לי - זה ארוך..
אזהרת טריגר - הטרדה מינית
אני אתחיל בהצהרה - אני לא אוהבת שנוגעים בי בלי רשות, לא משנה באיזה קטע. זה מכווץ אותי.

הייתי אתמול בישיבה ואחת מהעובדות במשרד הזיזה לי את החצאית כי ""זה חשוף מידי וזה לא נעים ויש כאן אנשים"". הסתכלתי עליה בwtf ואמרתי לה שזה ממש לא בסדר ואם יש משהו כזה שתגיד לי ולא פשוט תיגע בי. אני מבינה שהיא חושבת שזה לטובתי אבל הרגשתי איך זה מדכא אותי. מסתיר אותי. מקטין ומקווץ אותי.
הנחיתות של ימי ראשון במשרד תמיד קשות לי. ביחוד אחרי אירועים בהם אני מרגישה הכי משוחררת (דוגמאת הליאנקאה בשישי).
אבל זה ממש הוריד אותי, הנחית אותי למציאות בה הירך שלי ""עושה רע לאנשים"".
וזה כלכך כאב לי.
כל מה שרציתי לעשוץ זה ללכת הביתה ולהיכנס למיטה ולעשן פייסל ולהדחיק.
אבל החלטתי ללכת לים, לחוף ריק ולהיכנס ערומה למים. ולנכס לעצמי מחדש את הגוף שלי.
ואחרי שבאמת ככה היה, וחזרתי לעצמי, ורקדתי וצחקתי וצעקתי ושרתי. הגיע מישהו לחוף (רצועת חוף של קילומטר בערך ואני הייתי היחידה שם) התיישב ליד הדברים שלי כשאני הייתי במים, התפשט ונכנס גם.
עד כה הכל סבבה, זכותו, ועירום זה טיבעי.
הוא הציע הצעה מינית ואמרתי לו מאוד בכבוד שאני לא העיניין ושיתפוס ממני קצת מרחק. 
הרגשתי לא בנוח והבטן שלי אמרה לי ""לכי"" אז לקחתי את הדברים שלי ויצאתי בחזרה לחוף (הליכה של חצי שעה על סלעים והריסות, לא מקום סימפטי להיות בו בלחץ) ואז הוא התחיל ללכת אחרי. 
עצרתי במרחק ממנו כדי לתת לו לעבור ושלא ילך אחרי (כבר התחיל להחשיך).
הוא ניגש אלי שוב , אחרי שכבר סירבתי לו, והציע שוב את אותן הצעות. אמרתי לו כבר ביותר תקיפות שיתרק ממני ושאני לא מעוניינת ןהנוכחות שלו לא עושה לי טוב, הוא ניסה להמשיך לדבר ופשוט צעקתי עליו שיעזוב אותי.
הוא התחיל ללכת, חיכיתי שיתרחק (הדרך חזרה מסוכנת ובלי שדה ראיה רחב)
התחלתי ללכת, אחרי כמה דקות אני רואה אותו 3 מטר ממני, הולך ליכיווני.
ומנסה שוב.
בשלב זה כבר התעלמתי ממנו, לא הסתכלתי עליו ולא עניתי לו. ואז הוא אמר משפט שלחץ לי בנקודע רגישה ""סליחה שנולדתי שחור"" ובתור אדם שמאמין בשוויון לא יכולתי לשתוק ואמרתי לו שזה ממש ממש לא קשור לצבע העור שלו. זה בגלל שהוא מטריד אותי, ולא עוזב אותי ושאם הוא היה לבן הייתי מפחדת באותה המידה. הסתובבתי והתחלתי להגביר קצב. הולכת ממש מהר על סלעים לא יציבים שצריך להקדיש תשומת לב לכל צעד. הוא צעק לי מילות ""חיבה"" ושוב התחיל ללכת אחרי. פה כבר פתחתי בריצה. באתי לחוף האהוב עלי, להשתחרר. ומצאתי את עצמי רצה בוכה וחוששת. עם כאב בטן מחרדה על סף התקף. רצתי את כל החוף עד לרכב וגם עכשיו, שעבר לילה. אני עדיין בחרדה. מרגישה שלא משנה מה אני אעשה אני אצא מפסידה, מושפלת, קטנה.'
'הלכתי היום לחוף אחר עם הרבה אנשים, ועדיין הרגשתי ממש ברע'
'איך להתמודד? מה לעשות עם החרדה?'
'כן, זה קרה אתמול'
'הים היה המקום הבטוח שלי, המקום שהייתי מגיעה אליו כל יום בשביל הכל, לצחוק לבכות הכל'
'יש המלצה לאיך אני הופכת את זה חזרה למקום נעים?'
'תודה'",1,,0,0,1,0,1,0,1,0,0,0,,"Hey
I want to help
Yes
Hey
Can I send the story
I want to share something that hurts me  its long 
Trigger Warning  Sexual Harassment
Ill start with a statement  I dont like me without permission no matter what sectionIt shrinks me

I was sitting yesterday and one of the facts in the office moved the skirt because it is too exposed and it is unpleasant and there are people hereI looked at her at WTF and told her it was really wrong and if there was something like you would tell me and you would just touch meI understand that she thinks its in my favor but I felt how it suppressed meHiding meReduces and pour me
Sundays at the office is always difficult for meEspecially after events where I feel the most liberated the Liaka sampling on Friday
But it really lowered me landed me to the reality where my thigh does bad for people
And its so painful to me
All I wanted to make was to go home and get into bed and smoke Faisal and repress
But I decided to go to the sea to an empty beach and get naked in the waterAnd re attach to myself my body
And after that really was like that and I came back to myself and danced and laughed and shouted and sangSomeone arrived on the beach a mile beach strip and I was the only one sat down at my things when I was in the water spread and entered
So far everything has turned its right and nudity is good
He offered a sexual offer and I told him very honor that I was not an interest and a little distance from me
I felt uncomfortable and my stomach told me Go so I took my stuff and went back to the be
I stopped away from him to let him go and not go after he had already started to darken
He approached me again after I already refused and offered the same offers againI have already told him most attacks that he has been embroidered and that I am not interested in his presence does not do me good he tried to continue talking and I just shouted him to leave me
He started walking I waited for him to stay away the way back is dangerous and without a wide field of view
I started walking after a few minutes I see him 3 meters from me going to Lichoni
And try again
At this point I was already ignored I didnt look at him and didnt answer himThen he said a phrase that I knew a sensitive sorry I was born in black and as a man who believes in equality I couldnt shut up and I told him it was really unrelated to his skin colorIts because he bothers me and doesnt leave me and if he was white I was just as scaredI turned and started moving a rhythmGoing really quickly on unstable rock that needs to pay attention to every stepHe shouted affection words and started walking after againI have already opened hereI came to my favorite beach get rid ofAnd I found myself crying and feelingWith abdominal pain anxiety on the verge of attackI ran the whole beach up to the car and even now that passed overnightIm still anxiousFeeling no matter what I will do I will lose humiliated small 
I went to another beach with a lot of people and I still felt really bad
how to manageWhat to do with anxiety 
Yes this happened yesterday
The sea was my safe place the place I would reach every day for everything laugh to cry everything 
Is there a recommendation for how do I turn it back to a pleasant place
Thanks","['hey', 'i', 'want', 'to', 'help', 'yes', 'hey', 'can', 'i', 'send', 'the', 'story', 'i', 'want', 'to', 'share', 'something', 'that', 'hurts', 'me', 'its', 'long', 'trigger', 'warning', 'sexual', 'harassment', 'ill', 'start', 'with', 'a', 'statement', 'i', 'dont', 'like', 'me', 'without', 'permission', 'no', 'matter', 'what', 'sectionit', 'shrinks', 'me', 'i', 'was', 'sitting', 'yesterday', 'and', 'one', 'of', 'the', 'facts', 'in', 'the', 'office', 'moved', 'the', 'skirt', 'because', 'it', 'is', 'too', 'exposed', 'and', 'it', 'is', 'unpleasant', 'and', 'there', 'are', 'people', 'herei', 'looked', 'at', 'her', 'at', 'wtf', 'and', 'told', 'her', 'it', 'was', 'really', 'wrong', 'and', 'if', 'there', 'was', 'something', 'like', 'you', 'would', 'tell', 'me', 'and', 'you', 'would', 'just', 'touch', 'mei', 'understand', 'that', 'she', 'thinks', 'its', 'in', 'my', 'favor', 'but', 'i', 'felt', 'how', 'it', 'suppressed', 'mehiding', 'mereduces', 'and', 'pour', 'me', 'sundays', 'at', 'the', 'office', 'is', 'always', 'difficult', 'for', 'meespecially', 'after', 'events', 'where', 'i', 'feel', 'the', 'most', 'liberated', 'the', 'liaka', 'sampling', 'on', 'friday', 'but', 'it', 'really', 'lowered', 'me', 'landed', 'me', 'to', 'the', 'reality', 'where', 'my', 'thigh', 'does', 'bad', 'for', 'people', 'and', 'its', 'so', 'painful', 'to', 'me', 'all', 'i', 'wanted', 'to', 'make', 'was', 'to', 'go', 'home', 'and', 'get', 'into', 'bed', 'and', 'smoke', 'faisal', 'and', 'repress', 'but', 'i', 'decided', 'to', 'go', 'to', 'the', 'sea', 'to', 'an', 'empty', 'beach', 'and', 'get', 'naked', 'in', 'the', 'waterand', 're', 'attach', 'to', 'myself', 'my', 'body', 'and', 'after', 'that', 'really', 'was', 'like', 'that', 'and', 'i', 'came', 'back', 'to', 'myself', 'and', 'danced', 'and', 'laughed', 'and', 'shouted', 'and', 'sangsomeone', 'arrived', 'on', 'the', 'beach', 'a', 'mile', 'beach', 'strip', 'and', 'i', 'was', 'the', 'only', 'one', 'sat', 'down', 'at', 'my', 'things', 'when', 'i', 'was', 'in', 'the', 'water', 'spread', 'and', 'entered', 'so', 'far', 'everything', 'has', 'turned', 'its', 'right', 'and', 'nudity', 'is', 'good', 'he', 'offered', 'a', 'sexual', 'offer', 'and', 'i', 'told', 'him', 'very', 'honor', 'that', 'i', 'was', 'not', 'an', 'interest', 'and', 'a', 'little', 'distance', 'from', 'me', 'i', 'felt', 'uncomfortable', 'and', 'my', 'stomach', 'told', 'me', 'go', 'so', 'i', 'took', 'my', 'stuff', 'and', 'went', 'back', 'to', 'the', 'be', 'i', 'stopped', 'away', 'from', 'him', 'to', 'let', 'him', 'go', 'and', 'not', 'go', 'after', 'he', 'had', 'already', 'started', 'to', 'darken', 'he', 'approached', 'me', 'again', 'after', 'i', 'already', 'refused', 'and', 'offered', 'the', 'same', 'offers', 'againi', 'have', 'already', 'told', 'him', 'most', 'attacks', 'that', 'he', 'has', 'been', 'embroidered', 'and', 'that', 'i', 'am', 'not', 'interested', 'in', 'his', 'presence', 'does', 'not', 'do', 'me', 'good', 'he', 'tried', 'to', 'continue', 'talking', 'and', 'i', 'just', 'shouted', 'him', 'to', 'leave', 'me', 'he', 'started', 'walking', 'i', 'waited', 'for', 'him', 'to', 'stay', 'away', 'the', 'way', 'back', 'is', 'dangerous', 'and', 'without', 'a', 'wide', 'field', 'of', 'view', 'i', 'started', 'walking', 'after', 'a', 'few', 'minutes', 'i', 'see', 'him', '3', 'meters', 'from', 'me', 'going', 'to', 'lichoni', 'and', 'try', 'again', 'at', 'this', 'point', 'i', 'was', 'already', 'ignored', 'i', 'didnt', 'look', 'at', 'him', 'and', 'didnt', 'answer', 'himthen', 'he', 'said', 'a', 'phrase', 'that', 'i', 'knew', 'a', 'sensitive', 'sorry', 'i', 'was', 'born', 'in', 'black', 'and', 'as', 'a', 'man', 'who', 'believes', 'in', 'equality', 'i', 'couldnt', 'shut', 'up', 'and', 'i', 'told', 'him', 'it', 'was', 'really', 'unrelated', 'to', 'his', 'skin', 'colorits', 'because', 'he', 'bothers', 'me', 'and', 'doesnt', 'leave', 'me', 'and', 'if', 'he', 'was', 'white', 'i', 'was', 'just', 'as', 'scaredi', 'turned', 'and', 'started', 'moving', 'a', 'rhythmgoing', 'really', 'quickly', 'on', 'unstable', 'rock', 'that', 'needs', 'to', 'pay', 'attention', 'to', 'every', 'stephe', 'shouted', 'affection', 'words', 'and', 'started', 'walking', 'after', 'againi', 'have', 'already', 'opened', 'herei', 'came', 'to', 'my', 'favorite', 'beach', 'get', 'rid', 'ofand', 'i', 'found', 'myself', 'crying', 'and', 'feelingwith', 'abdominal', 'pain', 'anxiety', 'on', 'the', 'verge', 'of', 'attacki', 'ran', 'the', 'whole', 'beach', 'up', 'to', 'the', 'car', 'and', 'even', 'now', 'that', 'passed', 'overnightim', 'still', 'anxiousfeeling', 'no', 'matter', 'what', 'i', 'will', 'do', 'i', 'will', 'lose', 'humiliated', 'small', 'i', 'went', 'to', 'another', 'beach', 'with', 'a', 'lot', 'of', 'people', 'and', 'i', 'still', 'felt', 'really', 'bad', 'how', 'to', 'managewhat', 'to', 'do', 'with', 'anxiety', 'yes', 'this', 'happened', 'yesterday', 'the', 'sea', 'was', 'my', 'safe', 'place', 'the', 'place', 'i', 'would', 'reach', 'every', 'day', 'for', 'everything', 'laugh', 'to', 'cry', 'everything', 'is', 'there', 'a', 'recommendation', 'for', 'how', 'do', 'i', 'turn', 'it', 'back', 'to', 'a', 'pleasant', 'place', 'thanks']","[('hey', 'NN'), ('want', 'VBP'), ('help', 'NN'), ('ye', 'VB'), ('hey', 'JJ'), ('send', 'VBP'), ('stori', 'NN'), ('want', 'VBP'), ('share', 'NN'), ('someth', 'JJ'), ('hurt', 'NN'), ('long', 'RB'), ('trigger', 'NN'), ('warn', 'VBP'), ('sexual', 'JJ'), ('harass', 'NN'), ('ill', 'JJ'), ('start', 'VB'), ('statement', 'NN'), ('dont', 'NN'), ('like', 'IN'), ('without', 'IN'), ('permiss', 'JJ'), ('matter', 'NN'), ('sectionit', 'NN'), ('shrink', 'VBP'), ('wa', 'IN'), ('sit', 'NN'), ('yesterday', 'NN'), ('one', 'CD'), ('fact', 'NN'), ('offic', 'JJ'), ('move', 'NN'), ('skirt', 'NN'), ('becaus', 'NN'), ('expos', 'JJ'), ('unpleas', 'JJ'), ('peopl', 'NN'), ('herei', 'NN'), ('look', 'NN'), ('wtf', 'WP'), ('told', 'VBD'), ('wa', 'NN'), ('realli', 'NN'), ('wrong', 'JJ'), ('wa', 'JJ'), ('someth', 'NNS'), ('like', 'IN'), ('would', 'MD'), ('tell', 'VB'), ('would', 'MD'), ('touch', 'VB'), ('mei', 'JJ'), ('understand', 'NN'), ('think', 'VBP'), ('favor', 'NN'), ('felt', 'VBD'), ('suppress', 'JJ'), ('mehid', 'NN'), ('mereduc', 'FW'), ('pour', 'NN'), ('sunday', 'NN'), ('offic', 'VBP'), ('alway', 'RB'), ('difficult', 'JJ'), ('meespeci', 'JJ'), ('event', 'NN'), ('feel', 'NN'), ('liber', 'IN'), ('liaka', 'JJ'), ('sampl', 'NN'), ('friday', 'NN'), ('realli', 'VB'), ('lower', 'JJR'), ('land', 'NN'), ('realiti', 'NN'), ('thigh', 'JJ'), ('doe', 'NN'), ('bad', 'JJ'), ('peopl', 'NN'), ('pain', 'NN'), ('want', 'VBP'), ('make', 'NN'), ('wa', 'NN'), ('go', 'VB'), ('home', 'NN'), ('get', 'NN'), ('bed', 'VBN'), ('smoke', 'NN'), ('faisal', 'NN'), ('repress', 'NN'), ('decid', 'NN'), ('go', 'VBP'), ('sea', 'NN'), ('empti', 'NN'), ('beach', 'NN'), ('get', 'VB'), ('nake', 'JJ'), ('waterand', 'NN'), ('attach', 'NN'), ('bodi', 'NN'), ('realli', 'VBP'), ('wa', 'NNS'), ('like', 'IN'), ('came', 'VBD'), ('back', 'RB'), ('danc', 'JJ'), ('laugh', 'NN'), ('shout', 'NN'), ('sangsomeon', 'NN'), ('arriv', 'IN'), ('beach', 'NN'), ('mile', 'NN'), ('beach', 'NN'), ('strip', 'NN'), ('wa', 'NN'), ('onli', 'IN'), ('one', 'CD'), ('sat', 'JJ'), ('thing', 'NN'), ('wa', 'JJ'), ('water', 'NN'), ('spread', 'NN'), ('enter', 'NN'), ('far', 'RB'), ('everyth', 'JJ'), ('ha', 'JJ'), ('turn', 'NN'), ('right', 'JJ'), ('nuditi', 'RB'), ('good', 'JJ'), ('offer', 'NN'), ('sexual', 'JJ'), ('offer', 'NN'), ('told', 'VBD'), ('veri', 'NNS'), ('honor', 'JJ'), ('wa', 'JJ'), ('interest', 'NN'), ('littl', 'NN'), ('distanc', 'NN'), ('felt', 'VBD'), ('uncomfort', 'JJ'), ('stomach', 'NN'), ('told', 'VBD'), ('go', 'VB'), ('took', 'VBD'), ('stuff', 'NN'), ('went', 'VBD'), ('back', 'RB'), ('stop', 'JJ'), ('away', 'NN'), ('let', 'NN'), ('go', 'VB'), ('go', 'VB'), ('alreadi', 'JJ'), ('start', 'NN'), ('darken', 'VB'), ('approach', 'NN'), ('alreadi', 'NN'), ('refus', 'NN'), ('offer', 'NN'), ('offer', 'VBP'), ('againi', 'NN'), ('alreadi', 'NN'), ('told', 'VBD'), ('attack', 'RP'), ('ha', 'JJ'), ('embroid', 'JJ'), ('interest', 'NN'), ('hi', 'NN'), ('presenc', 'NN'), ('doe', 'NN'), ('good', 'JJ'), ('tri', 'NN'), ('continu', 'NN'), ('talk', 'NN'), ('shout', 'IN'), ('leav', 'JJ'), ('start', 'NN'), ('walk', 'NN'), ('wait', 'VBP'), ('stay', 'VB'), ('away', 'RB'), ('way', 'NN'), ('back', 'RB'), ('danger', 'NN'), ('without', 'IN'), ('wide', 'JJ'), ('field', 'NN'), ('view', 'NN'), ('start', 'VBP'), ('walk', 'NN'), ('minut', 'NN'), ('see', 'VBP'), ('3', 'CD'), ('meter', 'NN'), ('go', 'VBP'), ('lichoni', 'JJ'), ('tri', 'NN'), ('thi', 'NN'), ('point', 'NN'), ('wa', 'NN'), ('alreadi', 'IN'), ('ignor', 'JJ'), ('didnt', 'JJ'), ('look', 'NN'), ('didnt', 'NN'), ('answer', 'NN'), ('himthen', 'NN'), ('said', 'VBD'), ('phrase', 'NN'), ('knew', 'VBD'), ('sensit', 'JJ'), ('sorri', 'NN'), ('wa', 'NN'), ('born', 'VBN'), ('black', 'JJ'), ('man', 'NN'), ('believ', 'NN'), ('equal', 'JJ'), ('couldnt', 'NN'), ('shut', 'NN'), ('told', 'VBD'), ('wa', 'JJ'), ('realli', 'NN'), ('unrel', 'JJ'), ('hi', 'NN'), ('skin', 'NN'), ('colorit', 'NN'), ('becaus', 'NN'), ('bother', 'NN'), ('doesnt', 'NN'), ('leav', 'NN'), ('wa', 'IN'), ('white', 'JJ'), ('wa', 'NN'), ('scaredi', 'NN'), ('turn', 'VBP'), ('start', 'JJ'), ('move', 'NN'), ('rhythmgo', 'NN'), ('realli', 'NN'), ('quickli', 'NN'), ('unstabl', 'JJ'), ('rock', 'NN'), ('need', 'MD'), ('pay', 'VB'), ('attent', 'JJ'), ('everi', 'NN'), ('steph', 'NN'), ('shout', 'NN'), ('affect', 'VBP'), ('word', 'NN'), ('start', 'NN'), ('walk', 'VBP'), ('againi', 'RB'), ('alreadi', 'JJ'), ('open', 'JJ'), ('herei', 'NN'), ('came', 'VBD'), ('favorit', 'RB'), ('beach', 'JJ'), ('get', 'VB'), ('rid', 'JJ'), ('ofand', 'NN'), ('found', 'VBD'), ('cri', 'NN'), ('feelingwith', 'NN'), ('abdomin', 'NN'), ('pain', 'NN'), ('anxieti', 'JJ'), ('verg', 'NN'), ('attacki', 'NN'), ('ran', 'VBD'), ('whole', 'JJ'), ('beach', 'NN'), ('car', 'NN'), ('even', 'RB'), ('pass', 'VBP'), ('overnightim', 'NN'), ('still', 'RB'), ('anxiousfeel', 'VBP'), ('matter', 'RB'), ('lose', 'JJ'), ('humili', 'NN'), ('small', 'JJ'), ('went', 'VBD'), ('anoth', 'JJ'), ('beach', 'NN'), ('lot', 'NN'), ('peopl', 'NN'), ('still', 'RB'), ('felt', 'VBD'), ('realli', 'JJ'), ('bad', 'JJ'), ('managewhat', 'WP'), ('anxieti', 'VBP'), ('ye', 'JJ'), ('thi', 'NN'), ('happen', 'NN'), ('yesterday', 'NN'), ('sea', 'NN'), ('wa', 'NN'), ('safe', 'JJ'), ('place', 'NN'), ('place', 'NN'), ('would', 'MD'), ('reach', 'VB'), ('everi', 'JJ'), ('day', 'NN'), ('everyth', 'VBD'), ('laugh', 'JJ'), ('cri', 'NN'), ('everyth', 'JJ'), ('recommend', 'NN'), ('turn', 'VBP'), ('back', 'RP'), ('pleasant', 'JJ'), ('place', 'NN'), ('thank', 'NN')]","['hey', 'want', 'help', 'ye', 'hey', 'send', 'stori', 'want', 'share', 'someth', 'hurt', 'long', 'trigger', 'warn', 'sexual', 'harass', 'ill', 'start', 'statement', 'dont', 'like', 'without', 'permiss', 'matter', 'sectionit', 'shrink', 'wa', 'sit', 'yesterday', 'one', 'fact', 'offic', 'move', 'skirt', 'becaus', 'expos', 'unpleas', 'peopl', 'herei', 'look', 'wtf', 'told', 'wa', 'realli', 'wrong', 'wa', 'someth', 'like', 'would', 'tell', 'would', 'touch', 'mei', 'understand', 'think', 'favor', 'felt', 'suppress', 'mehid', 'mereduc', 'pour', 'sunday', 'offic', 'alway', 'difficult', 'meespeci', 'event', 'feel', 'liber', 'liaka', 'sampl', 'friday', 'realli', 'lower', 'land', 'realiti', 'thigh', 'doe', 'bad', 'peopl', 'pain', 'want', 'make', 'wa', 'go', 'home', 'get', 'bed', 'smoke', 'faisal', 'repress', 'decid', 'go', 'sea', 'empti', 'beach', 'get', 'nake', 'waterand', 'attach', 'bodi', 'realli', 'wa', 'like', 'came', 'back', 'danc', 'laugh', 'shout', 'sangsomeon', 'arriv', 'beach', 'mile', 'beach', 'strip', 'wa', 'onli', 'one', 'sat', 'thing', 'wa', 'water', 'spread', 'enter', 'far', 'everyth', 'ha', 'turn', 'right', 'nuditi', 'good', 'offer', 'sexual', 'offer', 'told', 'veri', 'honor', 'wa', 'interest', 'littl', 'distanc', 'felt', 'uncomfort', 'stomach', 'told', 'go', 'took', 'stuff', 'went', 'back', 'stop', 'away', 'let', 'go', 'go', 'alreadi', 'start', 'darken', 'approach', 'alreadi', 'refus', 'offer', 'offer', 'againi', 'alreadi', 'told', 'attack', 'ha', 'embroid', 'interest', 'hi', 'presenc', 'doe', 'good', 'tri', 'continu', 'talk', 'shout', 'leav', 'start', 'walk', 'wait', 'stay', 'away', 'way', 'back', 'danger', 'without', 'wide', 'field', 'view', 'start', 'walk', 'minut', 'see', '3', 'meter', 'go', 'lichoni', 'tri', 'thi', 'point', 'wa', 'alreadi', 'ignor', 'didnt', 'look', 'didnt', 'answer', 'himthen', 'said', 'phrase', 'knew', 'sensit', 'sorri', 'wa', 'born', 'black', 'man', 'believ', 'equal', 'couldnt', 'shut', 'told', 'wa', 'realli', 'unrel', 'hi', 'skin', 'colorit', 'becaus', 'bother', 'doesnt', 'leav', 'wa', 'white', 'wa', 'scaredi', 'turn', 'start', 'move', 'rhythmgo', 'realli', 'quickli', 'unstabl', 'rock', 'need', 'pay', 'attent', 'everi', 'steph', 'shout', 'affect', 'word', 'start', 'walk', 'againi', 'alreadi', 'open', 'herei', 'came', 'favorit', 'beach', 'get', 'rid', 'ofand', 'found', 'cri', 'feelingwith', 'abdomin', 'pain', 'anxieti', 'verg', 'attacki', 'ran', 'whole', 'beach', 'car', 'even', 'pass', 'overnightim', 'still', 'anxiousfeel', 'matter', 'lose', 'humili', 'small', 'went', 'anoth', 'beach', 'lot', 'peopl', 'still', 'felt', 'realli', 'bad', 'managewhat', 'anxieti', 'ye', 'thi', 'happen', 'yesterday', 'sea', 'wa', 'safe', 'place', 'place', 'would', 'reach', 'everi', 'day', 'everyth', 'laugh', 'cri', 'everyth', 'recommend', 'turn', 'back', 'pleasant', 'place', 'thank']"
c731cd09-2221-4390-b17c-654ef028824f,30158593,1690000000000.0,7/31/2023 9:12,7/31/2023 9:12,7/31/2023 12:12,31-Jul-23,2023,7,July,31,1,Mon,12:12:07,12,12,Sun 30th Jul,Mon 31st Jul,1690000000000.0,7/31/2023 14:53,7/31/2023 14:53,7/31/2023 17:53,31-Jul-23,2023,7,July,31,1,Mon,17:53:32,17,53,Sun 30th Jul,Mon 31st Jul,341.41,,,AGENT,MANUAL_CLOSE,,WhatsApp Business,,,CLOSE,False,True,False,1700895950,ACTIVE,1700896750,,3,2023-07-31 09:12:08;2023-07-31 09:12:09;2023-07-31 13:58:31,1690794728109;1690794729910;1690811911073,false;false;false,0;2;1,System;Bot;Human,1,7/31/2023 15:25,1690000000000.0,1,7/31/2023 9:12,1690000000000.0,2,2023-07-31 09:12:09;2023-07-31 13:58:30,1690794729908;1690811910992,12,335.53,303.51,17.5,4,9,2,1,6,3,334.8,334.7,0,0.1,0.73,335.53,37.2,167.35,0,0.02,0.24,3,1,1,1,1,303.36,302.68,0.63,0.05,17.35,16.5,0.83,0.02,0.15,0.15,303.51,17.5,101.12,302.68,0.63,0.05,5.78,16.5,0.83,0.02,0.15,0.15,Agent,0.05,302.68,0.63,0.05,0.15,17.35,16.5,0.83,0.02,3,1.0,1.0,1,5.783333333,16.5,0.83,0.02,0.02,16.5,0.83,0.02,0,286.38,0,0.03,242,189,44,66,79,53,2,0,0,0,0,2,"12:12:08-consumer: הי כבר 3 ימים יש שם הודעה ""הלקוח אינו יכול לקבל את שיחתך"". זו לא הודעה של ""הקו תפוס"". איך עוד אפשר ליצור קשר לקבלת סיוע??
12:12:11-agent: שלום, הגעת לווטסאפ של מרכזי הסיוע לנפגעות ונפגעי תקיפה מינית
12:12:11-agent: הצ'אט שלנו בווטסאפ *לא פעיל* כעת ואין ביכולתנו לראות או לקבל את הודעתך
12:12:11-agent: שעות המענה בווטסאפ:
בימים א'-ה' ושבת בין השעות 17:00-23:00
12:12:12-agent: אם הנך זקוק/ה כרגע לסיוע, ניתן לפנות ל:
✳️ קו סיוע טלפוני זמין 24/7:
 1202 מענה ע""י אישה, 
 1203 מענה ע""י גבר
 2511* תהל- סיוע לנשים וילדים דתיים  
 ✳️ צ'אט אנונימי באתר 1202kolmila.org.il בימים א'-ה' ובשבת, בין השעות 17:00-24:00
12:12:13-agent: מוזמנות ומוזמנים לפנות אלינו בשעות הפעילות
12:12:14-agent: 
12:12:20-consumer: כן
12:12:57-consumer: הי כבר 3 ימים יש שם הודעה ""הלקוח אינו יכול לקבל את שיחתך"". זו לא הודעה של ""הקו תפוס"". איך עוד אפשר ליצור קשר לקבלת סיוע??
12:12:57-agent: שלום, הגעת לקו הווטסאפ של מרכזי הסיוע לנפגעות ונפגעי תקיפה מינית.
הסיוע בווטסאפ פועל:
ביום א' בין השעות 10:00-13:00 ו- 17:00-23:00, 
בימים ב'-ה' וביום שבת בין השעות 17:00-23:00.

אם הנך זקוק/ה כרגע לסיוע, ניתן לפנות ל:
✳️ קו סיוע טלפוני זמין 24/7:
 1202 מענה ע""י אישה, 
 1203 מענה ע""י גבר
 2511* תהל- סיוע לנשים וילדים דתיים  
 ✳️ צ'אט אנונימי באתר 1202kolmila.org.il בימים א'-ה' ובשבת, בין השעות 17:00-24:00
17:15:01-agent: היי, אני ענת ואני איתך. ראיתי שאתה מחפש את קו הסיוע 1203. אנחנו גם כאן בשבילך. בכל מקרה המספר הוא ללא כוכבית
17:47:40-agent: אני מבינה שאין באפשרותך לשוחח כרגע. אני נפרדת ממך בשלב הזה. קו הווטסאפ זמין הערב עד שעה 23.00 או מחר משעה 17.00","'שלום, הגעת לווטסאפ של מרכזי הסיוע לנפגעות ונפגעי תקיפה מינית'
'הצ'אט שלנו בווטסאפ *לא פעיל* כעת ואין ביכולתנו לראות או לקבל את הודעתך'
'שעות המענה בווטסאפ:
בימים א'-ה' ושבת בין השעות 17:00-23:00'
'אם הנך זקוק/ה כרגע לסיוע, ניתן לפנות ל:
✳️ קו סיוע טלפוני זמין 24/7:
 1202 מענה ע""י אישה, 
 1203 מענה ע""י גבר
 2511* תהל- סיוע לנשים וילדים דתיים  
 ✳️ צ'אט אנונימי באתר 1202kolmila.org.il בימים א'-ה' ובשבת, בין השעות 17:00-24:00'
'מוזמנות ומוזמנים לפנות אלינו בשעות הפעילות'
''
'שלום, הגעת לקו הווטסאפ של מרכזי הסיוע לנפגעות ונפגעי תקיפה מינית.
הסיוע בווטסאפ פועל:
ביום א' בין השעות 10:00-13:00 ו- 17:00-23:00, 
בימים ב'-ה' וביום שבת בין השעות 17:00-23:00.

אם הנך זקוק/ה כרגע לסיוע, ניתן לפנות ל:
✳️ קו סיוע טלפוני זמין 24/7:
 1202 מענה ע""י אישה, 
 1203 מענה ע""י גבר
 2511* תהל- סיוע לנשים וילדים דתיים  
 ✳️ צ'אט אנונימי באתר 1202kolmila.org.il בימים א'-ה' ובשבת, בין השעות 17:00-24:00'
'היי, אני ענת ואני איתך. ראיתי שאתה מחפש את קו הסיוע 1203. אנחנו גם כאן בשבילך. בכל מקרה המספר הוא ללא כוכבית'
'אני מבינה שאין באפשרותך לשוחח כרגע. אני נפרדת ממך בשלב הזה. קו הווטסאפ זמין הערב עד שעה 23.00 או מחר משעה 17.00'","'הי כבר 3 ימים יש שם הודעה ""הלקוח אינו יכול לקבל את שיחתך"". זו לא הודעה של ""הקו תפוס"". איך עוד אפשר ליצור קשר לקבלת סיוע??'
'כן'
'הי כבר 3 ימים יש שם הודעה ""הלקוח אינו יכול לקבל את שיחתך"". זו לא הודעה של ""הקו תפוס"". איך עוד אפשר ליצור קשר לקבלת סיוע??'",0,,0,0,0,0,0,0,0,0,0,0,,"Hi for 3 days has a message there the customer cannot get your conversationThis is not a message of the line occupiedHow else can you contact for assistance  
Yes
Hi for 3 days has a message there the customer cannot get your conversationThis is not a message of the line occupiedHow else can you contact for assistance  ","['hi', 'for', '3', 'days', 'has', 'a', 'message', 'there', 'the', 'customer', 'can', 'not', 'get', 'your', 'conversationthis', 'is', 'not', 'a', 'message', 'of', 'the', 'line', 'occupiedhow', 'else', 'can', 'you', 'contact', 'for', 'assistance', 'yes', 'hi', 'for', '3', 'days', 'has', 'a', 'message', 'there', 'the', 'customer', 'can', 'not', 'get', 'your', 'conversationthis', 'is', 'not', 'a', 'message', 'of', 'the', 'line', 'occupiedhow', 'else', 'can', 'you', 'contact', 'for', 'assistance']","[('hi', 'JJ'), ('3', 'CD'), ('day', 'NN'), ('ha', 'VBD'), ('messag', 'NN'), ('custom', 'NN'), ('get', 'VBP'), ('conversationthi', 'JJ'), ('messag', 'NN'), ('line', 'NN'), ('occupiedhow', 'NN'), ('els', 'NNS'), ('contact', 'VBP'), ('assist', 'JJ'), ('ye', 'NN'), ('hi', 'VBD'), ('3', 'CD'), ('day', 'NN'), ('ha', 'VBD'), ('messag', 'NN'), ('custom', 'NN'), ('get', 'VBP'), ('conversationthi', 'JJ'), ('messag', 'NN'), ('line', 'NN'), ('occupiedhow', 'NN'), ('els', 'NNS'), ('contact', 'VBP'), ('assist', 'NN')]","['hi', '3', 'day', 'ha', 'messag', 'custom', 'get', 'conversationthi', 'messag', 'line', 'occupiedhow', 'els', 'contact', 'assist', 'ye', 'hi', '3', 'day', 'ha', 'messag', 'custom', 'get', 'conversationthi', 'messag', 'line', 'occupiedhow', 'els', 'contact', 'assist']"
